DATAFLOW,FREQ,REF_AREA,DATA_TYPE,SEX,AGE,MARITAL_STATUS,TIME_PERIOD,OBS_VALUE,OBS_STATUS,NOTE_DS,NOTE_REF_AREA,NOTE_DATA_TYPE,NOTE_SEX,NOTE_AGE,NOTE_MARITAL_STATUS,BASE_PER,UNIT_MEAS,UNIT_MULT
IT1:22_289_DF_DCIS_POPRES1_1(1.0),A,IT,JAN,1,TOTAL,1,2019,13605095,,,,,,,,,,
IT1:22_289_DF_DCIS_POPRES1_1(1.0),A,IT,JAN,1,TOTAL,1,2020,13630443,,,,,,,,,,
IT1:22_289_DF_DCIS_POPRES1_1(1.0),A,IT,JAN,1,TOTAL,1,2021,13628057,,,,,,,,,,
IT1:22_289_DF_DCIS_POPRES1_1(1.0),A,IT,JAN,1,TOTAL,1,2022,13683804,,,,,,,,,,
IT1:22_289_DF_DCIS_POPRES1_1(1.0),A,IT,JAN,1,TOTAL,1,2023,13808498,,,,,,,,,,
IT1:22_289_DF_DCIS_POPRES1_1(1.0),A,IT,JAN,1,TOTAL,1,2024,13908056,,,,,,,,,,
IT1:22_289_DF_DCIS_POPRES1_1(1.0),A,IT,JAN,1,TOTAL,1,2025,14005993,,,,,,,,,,
IT1:22_289_DF_DCIS_POPRES1_1(1.0),A,IT108,JAN,1,TOTAL,1,2019,197700,,,FILTER__ITC4,,,,,,,
IT1:22_289_DF_DCIS_POPRES1_1(1.0),A,IT108,JAN,1,TOTAL,1,2020,199701,,,FILTER__ITC4,,,,,,,
IT1:22_289_DF_DCIS_POPRES1_1(1.0),A,IT108,JAN,1,TOTAL,1,2021,201810,,,FILTER__ITC4,,,,,,,
IT1:22_289_DF_DCIS_POPRES1_1(1.0),A,IT108,JAN,1,TOTAL,1,2022,202962,,,FILTER__ITC4,,,,,,,
IT1:22_289_DF_DCIS_POPRES1_1(1.0),A,IT108,JAN,1,TOTAL,1,2023,206082,,,FILTER__ITC4,,,,,,,
IT1:22_289_DF_DCIS_POPRES1_1(1.0),A,IT108,JAN,1,TOTAL,1,2024,208097,,,FILTER__ITC4,,,,,,,
IT1:22_289_DF_DCIS_POPRES1_1(1.0),A,IT108,JAN,1,TOTAL,1,2025,210174,,,FILTER__ITC4,,,,,,,
IT1:22_289_DF_DCIS_POPRES1_1(1.0),A,IT109,JAN,1,TOTAL,1,2019,38387,,,FILTER__ITE3,,,,,,,
IT1:22_289_DF_DCIS_POPRES1_1(1.0),A,IT109,JAN,1,TOTAL,1,2020,38437,,,FILTER__ITE3,,,,,,,
IT1:22_289_DF_DCIS_POPRES1_1(1.0),A,IT109,JAN,1,TOTAL,1,2021,38317,,,FILTER__ITE3,,,,,,,
IT1:22_289_DF_DCIS_POPRES1_1(1.0),A,IT109,JAN,1,TOTAL,1,2022,38405,,,FILTER__ITE3,,,,,,,
IT1:22_289_DF_DCIS_POPRES1_1(1.0),A,IT109,JAN,1,TOTAL,1,2023,38769,,,FILTER__ITE3,,,,,,,
IT1:22_289_DF_DCIS_POPRES1_1(1.0),A,IT109,JAN,1,TOTAL,1,2024,38977,,,FILTER__ITE3,,,,,,,
IT1:22_289_DF_DCIS_POPRES1_1(1.0),A,IT109,JAN,1,TOTAL,1,2025,39258,,,FILTER__ITE3,,,,,,,
IT1:22_289_DF_DCIS_POPRES1_1(1.0),A,IT110,JAN,1,TOTAL,1,2019,85452,,,FILTER__ITF4,,,,,,,
IT1:22_289_DF_DCIS_POPRES1_1(1.0),A,IT110,JAN,1,TOTAL,1,2020,84856,,,FILTER__ITF4,,,,,,,
IT1:22_289_DF_DCIS_POPRES1_1(1.0),A,IT110,JAN,1,TOTAL,1,2021,83975,,,FILTER__ITF4,,,,,,,
IT1:22_289_DF_DCIS_POPRES1_1(1.0),A,IT110,JAN,1,TOTAL,1,2022,84033,,,FILTER__ITF4,,,,,,,
IT1:22_289_DF_DCIS_POPRES1_1(1.0),A,IT110,JAN,1,TOTAL,1,2023,83821,,,FILTER__ITF4,,,,,,,
IT1:22_289_DF_DCIS_POPRES1_1(1.0),A,IT110,JAN,1,TOTAL,1,2024,83461,,,FILTER__ITF4,,,,,,,
IT1:22_289_DF_DCIS_POPRES1_1(1.0),A,IT110,JAN,1,TOTAL,1,2025,83513,,,FILTER__ITF4,,,,,,,
IT1:22_289_DF_DCIS_POPRES1_1(1.0),A,IT111,JAN,1,TOTAL,1,2019,82940,,,FILTER__ITG2,,,,,,,
IT1:22_289_DF_DCIS_POPRES1_1(1.0),A,IT111,JAN,1,TOTAL,1,2020,81973,,,FILTER__ITG2,,,,,,,
IT1:22_289_DF_DCIS_POPRES1_1(1.0),A,IT111,JAN,1,TOTAL,1,2021,79769,,,FILTER__ITG2,,,,,,,
IT1:22_289_DF_DCIS_POPRES1_1(1.0),A,IT111,JAN,1,TOTAL,1,2022,80584,,,FILTER__ITG2,,,,,,,
IT1:22_289_DF_DCIS_POPRES1_1(1.0),A,IT111,JAN,1,TOTAL,1,2023,80290,,,FILTER__ITG2,,,,,,,
IT1:22_289_DF_DCIS_POPRES1_1(1.0),A,IT111,JAN,1,TOTAL,1,2024,80285,,,FILTER__ITG2,,,,,,,
IT1:22_289_DF_DCIS_POPRES1_1(1.0),A,IT111,JAN,1,TOTAL,1,2025,80223,,,FILTER__ITG2,,,,,,,
IT1:22_289_DF_DCIS_POPRES1_1(1.0),A,ITC,JAN,1,TOTAL,1,2019,3643216,,,,,,,,,,
IT1:22_289_DF_DCIS_POPRES1_1(1.0),A,ITC,JAN,1,TOTAL,1,2020,3668789,,,,,,,,,,
IT1:22_289_DF_DCIS_POPRES1_1(1.0),A,ITC,JAN,1,TOTAL,1,2021,3691360,,,,,,,,,,
IT1:22_289_DF_DCIS_POPRES1_1(1.0),A,ITC,JAN,1,TOTAL,1,2022,3704343,,,,,,,,,,
IT1:22_289_DF_DCIS_POPRES1_1(1.0),A,ITC,JAN,1,TOTAL,1,2023,3756385,,,,,,,,,,
IT1:22_289_DF_DCIS_POPRES1_1(1.0),A,ITC,JAN,1,TOTAL,1,2024,3801967,,,,,,,,,,
IT1:22_289_DF_DCIS_POPRES1_1(1.0),A,ITC,JAN,1,TOTAL,1,2025,3837399,,,,,,,,,,
IT1:22_289_DF_DCIS_POPRES1_1(1.0),A,ITC1,JAN,1,TOTAL,1,2019,956198,,,FILTER__ITC1,,,,,,,
IT1:22_289_DF_DCIS_POPRES1_1(1.0),A,ITC1,JAN,1,TOTAL,1,2020,959256,,,FILTER__ITC1,,,,,,,
IT1:22_289_DF_DCIS_POPRES1_1(1.0),A,ITC1,JAN,1,TOTAL,1,2021,961660,,,FILTER__ITC1,,,,,,,
IT1:22_289_DF_DCIS_POPRES1_1(1.0),A,ITC1,JAN,1,TOTAL,1,2022,967301,,,FILTER__ITC1,,,,,,,
IT1:22_289_DF_DCIS_POPRES1_1(1.0),A,ITC1,JAN,1,TOTAL,1,2023,978135,,,FILTER__ITC1,,,,,,,
IT1:22_289_DF_DCIS_POPRES1_1(1.0),A,ITC1,JAN,1,TOTAL,1,2024,989655,,,FILTER__ITC1,,,,,,,
IT1:22_289_DF_DCIS_POPRES1_1(1.0),A,ITC1,JAN,1,TOTAL,1,2025,999301,,,FILTER__ITC1,,,,,,,
IT1:22_289_DF_DCIS_POPRES1_1(1.0),A,ITC11,JAN,1,TOTAL,1,2019,494390,,,FILTER__ITC1,,,,,,,
IT1:22_289_DF_DCIS_POPRES1_1(1.0),A,ITC11,JAN,1,TOTAL,1,2020,496745,,,FILTER__ITC1,,,,,,,
IT1:22_289_DF_DCIS_POPRES1_1(1.0),A,ITC11,JAN,1,TOTAL,1,2021,499981,,,FILTER__ITC1,,,,,,,
IT1:22_289_DF_DCIS_POPRES1_1(1.0),A,ITC11,JAN,1,TOTAL,1,2022,503314,,,FILTER__ITC1,,,,,,,
IT1:22_289_DF_DCIS_POPRES1_1(1.0),A,ITC11,JAN,1,TOTAL,1,2023,508864,,,FILTER__ITC1,,,,,,,
IT1:22_289_DF_DCIS_POPRES1_1(1.0),A,ITC11,JAN,1,TOTAL,1,2024,515347,,,FILTER__ITC1,,,,,,,
IT1:22_289_DF_DCIS_POPRES1_1(1.0),A,ITC11,JAN,1,TOTAL,1,2025,520495,,,FILTER__ITC1,,,,,,,
IT1:22_289_DF_DCIS_POPRES1_1(1.0),A,ITC12,JAN,1,TOTAL,1,2019,37284,,,FILTER__ITC1,,,,,,,
IT1:22_289_DF_DCIS_POPRES1_1(1.0),A,ITC12,JAN,1,TOTAL,1,2020,37397,,,FILTER__ITC1,,,,,,,
IT1:22_289_DF_DCIS_POPRES1_1(1.0),A,ITC12,JAN,1,TOTAL,1,2021,37091,,,FILTER__ITC1,,,,,,,
IT1:22_289_DF_DCIS_POPRES1_1(1.0),A,ITC12,JAN,1,TOTAL,1,2022,37435,,,FILTER__ITC1,,,,,,,
IT1:22_289_DF_DCIS_POPRES1_1(1.0),A,ITC12,JAN,1,TOTAL,1,2023,37922,,,FILTER__ITC1,,,,,,,
IT1:22_289_DF_DCIS_POPRES1_1(1.0),A,ITC12,JAN,1,TOTAL,1,2024,38333,,,FILTER__ITC1,,,,,,,
IT1:22_289_DF_DCIS_POPRES1_1(1.0),A,ITC12,JAN,1,TOTAL,1,2025,38781,,,FILTER__ITC1,,,,,,,
IT1:22_289_DF_DCIS_POPRES1_1(1.0),A,ITC13,JAN,1,TOTAL,1,2019,37498,,,FILTER__ITC1,,,,,,,
IT1:22_289_DF_DCIS_POPRES1_1(1.0),A,ITC13,JAN,1,TOTAL,1,2020,37403,,,FILTER__ITC1,,,,,,,
IT1:22_289_DF_DCIS_POPRES1_1(1.0),A,ITC13,JAN,1,TOTAL,1,2021,36871,,,FILTER__ITC1,,,,,,,
IT1:22_289_DF_DCIS_POPRES1_1(1.0),A,ITC13,JAN,1,TOTAL,1,2022,37163,,,FILTER__ITC1,,,,,,,
IT1:22_289_DF_DCIS_POPRES1_1(1.0),A,ITC13,JAN,1,TOTAL,1,2023,37370,,,FILTER__ITC1,,,,,,,
IT1:22_289_DF_DCIS_POPRES1_1(1.0),A,ITC13,JAN,1,TOTAL,1,2024,37580,,,FILTER__ITC1,,,,,,,
IT1:22_289_DF_DCIS_POPRES1_1(1.0),A,ITC13,JAN,1,TOTAL,1,2025,37870,,,FILTER__ITC1,,,,,,,
IT1:22_289_DF_DCIS_POPRES1_1(1.0),A,ITC14,JAN,1,TOTAL,1,2019,34954,,,FILTER__ITC1,,,,,,,
IT1:22_289_DF_DCIS_POPRES1_1(1.0),A,ITC14,JAN,1,TOTAL,1,2020,34814,,,FILTER__ITC1,,,,,,,
IT1:22_289_DF_DCIS_POPRES1_1(1.0),A,ITC14,JAN,1,TOTAL,1,2021,34640,,,FILTER__ITC1,,,,,,,
IT1:22_289_DF_DCIS_POPRES1_1(1.0),A,ITC14,JAN,1,TOTAL,1,2022,34753,,,FILTER__ITC1,,,,,,,
IT1:22_289_DF_DCIS_POPRES1_1(1.0),A,ITC14,JAN,1,TOTAL,1,2023,35089,,,FILTER__ITC1,,,,,,,
IT1:22_289_DF_DCIS_POPRES1_1(1.0),A,ITC14,JAN,1,TOTAL,1,2024,35324,,,FILTER__ITC1,,,,,,,
IT1:22_289_DF_DCIS_POPRES1_1(1.0),A,ITC14,JAN,1,TOTAL,1,2025,35352,,,FILTER__ITC1,,,,,,,
IT1:22_289_DF_DCIS_POPRES1_1(1.0),A,ITC15,JAN,1,TOTAL,1,2019,81058,,,FILTER__ITC1,,,,,,,
IT1:22_289_DF_DCIS_POPRES1_1(1.0),A,ITC15,JAN,1,TOTAL,1,2020,81479,,,FILTER__ITC1,,,,,,,
IT1:22_289_DF_DCIS_POPRES1_1(1.0),A,ITC15,JAN,1,TOTAL,1,2021,81766,,,FILTER__ITC1,,,,,,,
IT1:22_289_DF_DCIS_POPRES1_1(1.0),A,ITC15,JAN,1,TOTAL,1,2022,82258,,,FILTER__ITC1,,,,,,,
IT1:22_289_DF_DCIS_POPRES1_1(1.0),A,ITC15,JAN,1,TOTAL,1,2023,83676,,,FILTER__ITC1,,,,,,,
IT1:22_289_DF_DCIS_POPRES1_1(1.0),A,ITC15,JAN,1,TOTAL,1,2024,84856,,,FILTER__ITC1,,,,,,,
IT1:22_289_DF_DCIS_POPRES1_1(1.0),A,ITC15,JAN,1,TOTAL,1,2025,85690,,,FILTER__ITC1,,,,,,,
IT1:22_289_DF_DCIS_POPRES1_1(1.0),A,ITC16,JAN,1,TOTAL,1,2019,134316,,,FILTER__ITC1,,,,,,,
IT1:22_289_DF_DCIS_POPRES1_1(1.0),A,ITC16,JAN,1,TOTAL,1,2020,134924,,,FILTER__ITC1,,,,,,,
IT1:22_289_DF_DCIS_POPRES1_1(1.0),A,ITC16,JAN,1,TOTAL,1,2021,135800,,,FILTER__ITC1,,,,,,,
IT1:22_289_DF_DCIS_POPRES1_1(1.0),A,ITC16,JAN,1,TOTAL,1,2022,136206,,,FILTER__ITC1,,,,,,,
IT1:22_289_DF_DCIS_POPRES1_1(1.0),A,ITC16,JAN,1,TOTAL,1,2023,137551,,,FILTER__ITC1,,,,,,,
IT1:22_289_DF_DCIS_POPRES1_1(1.0),A,ITC16,JAN,1,TOTAL,1,2024,139291,,,FILTER__ITC1,,,,,,,
IT1:22_289_DF_DCIS_POPRES1_1(1.0),A,ITC16,JAN,1,TOTAL,1,2025,140369,,,FILTER__ITC1,,,,,,,
IT1:22_289_DF_DCIS_POPRES1_1(1.0),A,ITC17,JAN,1,TOTAL,1,2019,46196,,,FILTER__ITC1,,,,,,,
IT1:22_289_DF_DCIS_POPRES1_1(1.0),A,ITC17,JAN,1,TOTAL,1,2020,46136,,,FILTER__ITC1,,,,,,,
IT1:22_289_DF_DCIS_POPRES1_1(1.0),A,ITC17,JAN,1,TOTAL,1,2021,46014,,,FILTER__ITC1,,,,,,,
IT1:22_289_DF_DCIS_POPRES1_1(1.0),A,ITC17,JAN,1,TOTAL,1,2022,46319,,,FILTER__ITC1,,,,,,,
IT1:22_289_DF_DCIS_POPRES1_1(1.0),A,ITC17,JAN,1,TOTAL,1,2023,46913,,,FILTER__ITC1,,,,,,,
IT1:22_289_DF_DCIS_POPRES1_1(1.0),A,ITC17,JAN,1,TOTAL,1,2024,47013,,,FILTER__ITC1,,,,,,,
IT1:22_289_DF_DCIS_POPRES1_1(1.0),A,ITC17,JAN,1,TOTAL,1,2025,47425,,,FILTER__ITC1,,,,,,,
IT1:22_289_DF_DCIS_POPRES1_1(1.0),A,ITC18,JAN,1,TOTAL,1,2019,90502,,,FILTER__ITC1,,,,,,,
IT1:22_289_DF_DCIS_POPRES1_1(1.0),A,ITC18,JAN,1,TOTAL,1,2020,90358,,,FILTER__ITC1,,,,,,,
IT1:22_289_DF_DCIS_POPRES1_1(1.0),A,ITC18,JAN,1,TOTAL,1,2021,89497,,,FILTER__ITC1,,,,,,,
IT1:22_289_DF_DCIS_POPRES1_1(1.0),A,ITC18,JAN,1,TOTAL,1,2022,89853,,,FILTER__ITC1,,,,,,,
IT1:22_289_DF_DCIS_POPRES1_1(1.0),A,ITC18,JAN,1,TOTAL,1,2023,90750,,,FILTER__ITC1,,,,,,,
IT1:22_289_DF_DCIS_POPRES1_1(1.0),A,ITC18,JAN,1,TOTAL,1,2024,91911,,,FILTER__ITC1,,,,,,,
IT1:22_289_DF_DCIS_POPRES1_1(1.0),A,ITC18,JAN,1,TOTAL,1,2025,93319,,,FILTER__ITC1,,,,,,,
IT1:22_289_DF_DCIS_POPRES1_1(1.0),A,ITC2,JAN,1,TOTAL,1,2019,30149,,,FILTER__ITC2,,,,,,,
IT1:22_289_DF_DCIS_POPRES1_1(1.0),A,ITC2,JAN,1,TOTAL,1,2020,30096,,,FILTER__ITC2,,,,,,,
IT1:22_289_DF_DCIS_POPRES1_1(1.0),A,ITC2,JAN,1,TOTAL,1,2021,30165,,,FILTER__ITC2,,,,,,,
IT1:22_289_DF_DCIS_POPRES1_1(1.0),A,ITC2,JAN,1,TOTAL,1,2022,30209,,,FILTER__ITC2,,,,,,,
IT1:22_289_DF_DCIS_POPRES1_1(1.0),A,ITC2,JAN,1,TOTAL,1,2023,30423,,,FILTER__ITC2,,,,,,,
IT1:22_289_DF_DCIS_POPRES1_1(1.0),A,ITC2,JAN,1,TOTAL,1,2024,30492,,,FILTER__ITC2,,,,,,,
IT1:22_289_DF_DCIS_POPRES1_1(1.0),A,ITC2,JAN,1,TOTAL,1,2025,30522,,,FILTER__ITC2,,,,,,,
IT1:22_289_DF_DCIS_POPRES1_1(1.0),A,ITC20,JAN,1,TOTAL,1,2019,30149,,,FILTER__ITC2,,,,,,,
IT1:22_289_DF_DCIS_POPRES1_1(1.0),A,ITC20,JAN,1,TOTAL,1,2020,30096,,,FILTER__ITC2,,,,,,,
IT1:22_289_DF_DCIS_POPRES1_1(1.0),A,ITC20,JAN,1,TOTAL,1,2021,30165,,,FILTER__ITC2,,,,,,,
IT1:22_289_DF_DCIS_POPRES1_1(1.0),A,ITC20,JAN,1,TOTAL,1,2022,30209,,,FILTER__ITC2,,,,,,,
IT1:22_289_DF_DCIS_POPRES1_1(1.0),A,ITC20,JAN,1,TOTAL,1,2023,30423,,,FILTER__ITC2,,,,,,,
IT1:22_289_DF_DCIS_POPRES1_1(1.0),A,ITC20,JAN,1,TOTAL,1,2024,30492,,,FILTER__ITC2,,,,,,,
IT1:22_289_DF_DCIS_POPRES1_1(1.0),A,ITC20,JAN,1,TOTAL,1,2025,30522,,,FILTER__ITC2,,,,,,,
IT1:22_289_DF_DCIS_POPRES1_1(1.0),A,ITC3,JAN,1,TOTAL,1,2019,327459,,,FILTER__ITC3,,,,,,,
IT1:22_289_DF_DCIS_POPRES1_1(1.0),A,ITC3,JAN,1,TOTAL,1,2020,328586,,,FILTER__ITC3,,,,,,,
IT1:22_289_DF_DCIS_POPRES1_1(1.0),A,ITC3,JAN,1,TOTAL,1,2021,331604,,,FILTER__ITC3,,,,,,,
IT1:22_289_DF_DCIS_POPRES1_1(1.0),A,ITC3,JAN,1,TOTAL,1,2022,333091,,,FILTER__ITC3,,,,,,,
IT1:22_289_DF_DCIS_POPRES1_1(1.0),A,ITC3,JAN,1,TOTAL,1,2023,338276,,,FILTER__ITC3,,,,,,,
IT1:22_289_DF_DCIS_POPRES1_1(1.0),A,ITC3,JAN,1,TOTAL,1,2024,343004,,,FILTER__ITC3,,,,,,,
IT1:22_289_DF_DCIS_POPRES1_1(1.0),A,ITC3,JAN,1,TOTAL,1,2025,347353,,,FILTER__ITC3,,,,,,,
IT1:22_289_DF_DCIS_POPRES1_1(1.0),A,ITC31,JAN,1,TOTAL,1,2019,46004,,,FILTER__ITC3,,,,,,,
IT1:22_289_DF_DCIS_POPRES1_1(1.0),A,ITC31,JAN,1,TOTAL,1,2020,46268,,,FILTER__ITC3,,,,,,,
IT1:22_289_DF_DCIS_POPRES1_1(1.0),A,ITC31,JAN,1,TOTAL,1,2021,46536,,,FILTER__ITC3,,,,,,,
IT1:22_289_DF_DCIS_POPRES1_1(1.0),A,ITC31,JAN,1,TOTAL,1,2022,47305,,,FILTER__ITC3,,,,,,,
IT1:22_289_DF_DCIS_POPRES1_1(1.0),A,ITC31,JAN,1,TOTAL,1,2023,48107,,,FILTER__ITC3,,,,,,,
IT1:22_289_DF_DCIS_POPRES1_1(1.0),A,ITC31,JAN,1,TOTAL,1,2024,48625,,,FILTER__ITC3,,,,,,,
IT1:22_289_DF_DCIS_POPRES1_1(1.0),A,ITC31,JAN,1,TOTAL,1,2025,49189,,,FILTER__ITC3,,,,,,,
IT1:22_289_DF_DCIS_POPRES1_1(1.0),A,ITC32,JAN,1,TOTAL,1,2019,58441,,,FILTER__ITC3,,,,,,,
IT1:22_289_DF_DCIS_POPRES1_1(1.0),A,ITC32,JAN,1,TOTAL,1,2020,58304,,,FILTER__ITC3,,,,,,,
IT1:22_289_DF_DCIS_POPRES1_1(1.0),A,ITC32,JAN,1,TOTAL,1,2021,58416,,,FILTER__ITC3,,,,,,,
IT1:22_289_DF_DCIS_POPRES1_1(1.0),A,ITC32,JAN,1,TOTAL,1,2022,58402,,,FILTER__ITC3,,,,,,,
IT1:22_289_DF_DCIS_POPRES1_1(1.0),A,ITC32,JAN,1,TOTAL,1,2023,58889,,,FILTER__ITC3,,,,,,,
IT1:22_289_DF_DCIS_POPRES1_1(1.0),A,ITC32,JAN,1,TOTAL,1,2024,59584,,,FILTER__ITC3,,,,,,,
IT1:22_289_DF_DCIS_POPRES1_1(1.0),A,ITC32,JAN,1,TOTAL,1,2025,60089,,,FILTER__ITC3,,,,,,,
IT1:22_289_DF_DCIS_POPRES1_1(1.0),A,ITC33,JAN,1,TOTAL,1,2019,176471,,,FILTER__ITC3,,,,,,,
IT1:22_289_DF_DCIS_POPRES1_1(1.0),A,ITC33,JAN,1,TOTAL,1,2020,177137,,,FILTER__ITC3,,,,,,,
IT1:22_289_DF_DCIS_POPRES1_1(1.0),A,ITC33,JAN,1,TOTAL,1,2021,179503,,,FILTER__ITC3,,,,,,,
IT1:22_289_DF_DCIS_POPRES1_1(1.0),A,ITC33,JAN,1,TOTAL,1,2022,179881,,,FILTER__ITC3,,,,,,,
IT1:22_289_DF_DCIS_POPRES1_1(1.0),A,ITC33,JAN,1,TOTAL,1,2023,182896,,,FILTER__ITC3,,,,,,,
IT1:22_289_DF_DCIS_POPRES1_1(1.0),A,ITC33,JAN,1,TOTAL,1,2024,185471,,,FILTER__ITC3,,,,,,,
IT1:22_289_DF_DCIS_POPRES1_1(1.0),A,ITC33,JAN,1,TOTAL,1,2025,188270,,,FILTER__ITC3,,,,,,,
IT1:22_289_DF_DCIS_POPRES1_1(1.0),A,ITC34,JAN,1,TOTAL,1,2019,46543,,,FILTER__ITC3,,,,,,,
IT1:22_289_DF_DCIS_POPRES1_1(1.0),A,ITC34,JAN,1,TOTAL,1,2020,46877,,,FILTER__ITC3,,,,,,,
IT1:22_289_DF_DCIS_POPRES1_1(1.0),A,ITC34,JAN,1,TOTAL,1,2021,47149,,,FILTER__ITC3,,,,,,,
IT1:22_289_DF_DCIS_POPRES1_1(1.0),A,ITC34,JAN,1,TOTAL,1,2022,47503,,,FILTER__ITC3,,,,,,,
IT1:22_289_DF_DCIS_POPRES1_1(1.0),A,ITC34,JAN,1,TOTAL,1,2023,48384,,,FILTER__ITC3,,,,,,,
IT1:22_289_DF_DCIS_POPRES1_1(1.0),A,ITC34,JAN,1,TOTAL,1,2024,49324,,,FILTER__ITC3,,,,,,,
IT1:22_289_DF_DCIS_POPRES1_1(1.0),A,ITC34,JAN,1,TOTAL,1,2025,49805,,,FILTER__ITC3,,,,,,,
IT1:22_289_DF_DCIS_POPRES1_1(1.0),A,ITC4,JAN,1,TOTAL,1,2019,2329410,,,FILTER__ITC4,,,,,,,
IT1:22_289_DF_DCIS_POPRES1_1(1.0),A,ITC4,JAN,1,TOTAL,1,2020,2350851,,,FILTER__ITC4,,,,,,,
IT1:22_289_DF_DCIS_POPRES1_1(1.0),A,ITC4,JAN,1,TOTAL,1,2021,2367931,,,FILTER__ITC4,,,,,,,
IT1:22_289_DF_DCIS_POPRES1_1(1.0),A,ITC4,JAN,1,TOTAL,1,2022,2373742,,,FILTER__ITC4,,,,,,,
IT1:22_289_DF_DCIS_POPRES1_1(1.0),A,ITC4,JAN,1,TOTAL,1,2023,2409551,,,FILTER__ITC4,,,,,,,
IT1:22_289_DF_DCIS_POPRES1_1(1.0),A,ITC4,JAN,1,TOTAL,1,2024,2438816,,,FILTER__ITC4,,,,,,,
IT1:22_289_DF_DCIS_POPRES1_1(1.0),A,ITC4,JAN,1,TOTAL,1,2025,2460223,,,FILTER__ITC4,,,,,,,
IT1:22_289_DF_DCIS_POPRES1_1(1.0),A,ITC41,JAN,1,TOTAL,1,2019,198186,,,FILTER__ITC4,,,,,,,
IT1:22_289_DF_DCIS_POPRES1_1(1.0),A,ITC41,JAN,1,TOTAL,1,2020,199246,,,FILTER__ITC4,,,,,,,
IT1:22_289_DF_DCIS_POPRES1_1(1.0),A,ITC41,JAN,1,TOTAL,1,2021,199600,,,FILTER__ITC4,,,,,,,
IT1:22_289_DF_DCIS_POPRES1_1(1.0),A,ITC41,JAN,1,TOTAL,1,2022,200601,,,FILTER__ITC4,,,,,,,
IT1:22_289_DF_DCIS_POPRES1_1(1.0),A,ITC41,JAN,1,TOTAL,1,2023,202851,,,FILTER__ITC4,,,,,,,
IT1:22_289_DF_DCIS_POPRES1_1(1.0),A,ITC41,JAN,1,TOTAL,1,2024,204346,,,FILTER__ITC4,,,,,,,
IT1:22_289_DF_DCIS_POPRES1_1(1.0),A,ITC41,JAN,1,TOTAL,1,2025,206664,,,FILTER__ITC4,,,,,,,
IT1:22_289_DF_DCIS_POPRES1_1(1.0),A,ITC42,JAN,1,TOTAL,1,2019,137408,,,FILTER__ITC4,,,,,,,
IT1:22_289_DF_DCIS_POPRES1_1(1.0),A,ITC42,JAN,1,TOTAL,1,2020,138111,,,FILTER__ITC4,,,,,,,
IT1:22_289_DF_DCIS_POPRES1_1(1.0),A,ITC42,JAN,1,TOTAL,1,2021,139001,,,FILTER__ITC4,,,,,,,
IT1:22_289_DF_DCIS_POPRES1_1(1.0),A,ITC42,JAN,1,TOTAL,1,2022,139403,,,FILTER__ITC4,,,,,,,
IT1:22_289_DF_DCIS_POPRES1_1(1.0),A,ITC42,JAN,1,TOTAL,1,2023,141438,,,FILTER__ITC4,,,,,,,
IT1:22_289_DF_DCIS_POPRES1_1(1.0),A,ITC42,JAN,1,TOTAL,1,2024,142516,,,FILTER__ITC4,,,,,,,
IT1:22_289_DF_DCIS_POPRES1_1(1.0),A,ITC42,JAN,1,TOTAL,1,2025,143434,,,FILTER__ITC4,,,,,,,
IT1:22_289_DF_DCIS_POPRES1_1(1.0),A,ITC43,JAN,1,TOTAL,1,2019,77657,,,FILTER__ITC4,,,,,,,
IT1:22_289_DF_DCIS_POPRES1_1(1.0),A,ITC43,JAN,1,TOTAL,1,2020,77896,,,FILTER__ITC4,,,,,,,
IT1:22_289_DF_DCIS_POPRES1_1(1.0),A,ITC43,JAN,1,TOTAL,1,2021,78250,,,FILTER__ITC4,,,,,,,
IT1:22_289_DF_DCIS_POPRES1_1(1.0),A,ITC43,JAN,1,TOTAL,1,2022,78202,,,FILTER__ITC4,,,,,,,
IT1:22_289_DF_DCIS_POPRES1_1(1.0),A,ITC43,JAN,1,TOTAL,1,2023,79043,,,FILTER__ITC4,,,,,,,
IT1:22_289_DF_DCIS_POPRES1_1(1.0),A,ITC43,JAN,1,TOTAL,1,2024,79644,,,FILTER__ITC4,,,,,,,
IT1:22_289_DF_DCIS_POPRES1_1(1.0),A,ITC43,JAN,1,TOTAL,1,2025,80371,,,FILTER__ITC4,,,,,,,
IT1:22_289_DF_DCIS_POPRES1_1(1.0),A,ITC44,JAN,1,TOTAL,1,2019,42846,,,FILTER__ITC4,,,,,,,
IT1:22_289_DF_DCIS_POPRES1_1(1.0),A,ITC44,JAN,1,TOTAL,1,2020,42945,,,FILTER__ITC4,,,,,,,
IT1:22_289_DF_DCIS_POPRES1_1(1.0),A,ITC44,JAN,1,TOTAL,1,2021,42819,,,FILTER__ITC4,,,,,,,
IT1:22_289_DF_DCIS_POPRES1_1(1.0),A,ITC44,JAN,1,TOTAL,1,2022,43124,,,FILTER__ITC4,,,,,,,
IT1:22_289_DF_DCIS_POPRES1_1(1.0),A,ITC44,JAN,1,TOTAL,1,2023,43347,,,FILTER__ITC4,,,,,,,
IT1:22_289_DF_DCIS_POPRES1_1(1.0),A,ITC44,JAN,1,TOTAL,1,2024,43644,,,FILTER__ITC4,,,,,,,
IT1:22_289_DF_DCIS_POPRES1_1(1.0),A,ITC44,JAN,1,TOTAL,1,2025,43930,,,FILTER__ITC4,,,,,,,
IT1:22_289_DF_DCIS_POPRES1_1(1.0),A,ITC45,JAN,1,TOTAL,1,2019,769001,,,FILTER__ITC4,,,,,,,
IT1:22_289_DF_DCIS_POPRES1_1(1.0),A,ITC45,JAN,1,TOTAL,1,2020,781117,,,FILTER__ITC4,,,,,,,
IT1:22_289_DF_DCIS_POPRES1_1(1.0),A,ITC45,JAN,1,TOTAL,1,2021,786939,,,FILTER__ITC4,,,,,,,
IT1:22_289_DF_DCIS_POPRES1_1(1.0),A,ITC45,JAN,1,TOTAL,1,2022,786437,,,FILTER__ITC4,,,,,,,
IT1:22_289_DF_DCIS_POPRES1_1(1.0),A,ITC45,JAN,1,TOTAL,1,2023,801251,,,FILTER__ITC4,,,,,,,
IT1:22_289_DF_DCIS_POPRES1_1(1.0),A,ITC45,JAN,1,TOTAL,1,2024,815585,,,FILTER__ITC4,,,,,,,
IT1:22_289_DF_DCIS_POPRES1_1(1.0),A,ITC45,JAN,1,TOTAL,1,2025,820423,,,FILTER__ITC4,,,,,,,
IT1:22_289_DF_DCIS_POPRES1_1(1.0),A,ITC46,JAN,1,TOTAL,1,2019,262475,,,FILTER__ITC4,,,,,,,
IT1:22_289_DF_DCIS_POPRES1_1(1.0),A,ITC46,JAN,1,TOTAL,1,2020,263914,,,FILTER__ITC4,,,,,,,
IT1:22_289_DF_DCIS_POPRES1_1(1.0),A,ITC46,JAN,1,TOTAL,1,2021,266252,,,FILTER__ITC4,,,,,,,
IT1:22_289_DF_DCIS_POPRES1_1(1.0),A,ITC46,JAN,1,TOTAL,1,2022,267195,,,FILTER__ITC4,,,,,,,
IT1:22_289_DF_DCIS_POPRES1_1(1.0),A,ITC46,JAN,1,TOTAL,1,2023,270473,,,FILTER__ITC4,,,,,,,
IT1:22_289_DF_DCIS_POPRES1_1(1.0),A,ITC46,JAN,1,TOTAL,1,2024,272974,,,FILTER__ITC4,,,,,,,
IT1:22_289_DF_DCIS_POPRES1_1(1.0),A,ITC46,JAN,1,TOTAL,1,2025,275519,,,FILTER__ITC4,,,,,,,
IT1:22_289_DF_DCIS_POPRES1_1(1.0),A,ITC47,JAN,1,TOTAL,1,2019,293215,,,FILTER__ITC4,,,,,,,
IT1:22_289_DF_DCIS_POPRES1_1(1.0),A,ITC47,JAN,1,TOTAL,1,2020,295409,,,FILTER__ITC4,,,,,,,
IT1:22_289_DF_DCIS_POPRES1_1(1.0),A,ITC47,JAN,1,TOTAL,1,2021,298922,,,FILTER__ITC4,,,,,,,
IT1:22_289_DF_DCIS_POPRES1_1(1.0),A,ITC47,JAN,1,TOTAL,1,2022,300140,,,FILTER__ITC4,,,,,,,
IT1:22_289_DF_DCIS_POPRES1_1(1.0),A,ITC47,JAN,1,TOTAL,1,2023,303772,,,FILTER__ITC4,,,,,,,
IT1:22_289_DF_DCIS_POPRES1_1(1.0),A,ITC47,JAN,1,TOTAL,1,2024,306224,,,FILTER__ITC4,,,,,,,
IT1:22_289_DF_DCIS_POPRES1_1(1.0),A,ITC47,JAN,1,TOTAL,1,2025,308883,,,FILTER__ITC4,,,,,,,
IT1:22_289_DF_DCIS_POPRES1_1(1.0),A,ITC48,JAN,1,TOTAL,1,2019,123335,,,FILTER__ITC4,,,,,,,
IT1:22_289_DF_DCIS_POPRES1_1(1.0),A,ITC48,JAN,1,TOTAL,1,2020,123684,,,FILTER__ITC4,,,,,,,
IT1:22_289_DF_DCIS_POPRES1_1(1.0),A,ITC48,JAN,1,TOTAL,1,2021,123666,,,FILTER__ITC4,,,,,,,
IT1:22_289_DF_DCIS_POPRES1_1(1.0),A,ITC48,JAN,1,TOTAL,1,2022,124191,,,FILTER__ITC4,,,,,,,
IT1:22_289_DF_DCIS_POPRES1_1(1.0),A,ITC48,JAN,1,TOTAL,1,2023,126001,,,FILTER__ITC4,,,,,,,
IT1:22_289_DF_DCIS_POPRES1_1(1.0),A,ITC48,JAN,1,TOTAL,1,2024,127978,,,FILTER__ITC4,,,,,,,
IT1:22_289_DF_DCIS_POPRES1_1(1.0),A,ITC48,JAN,1,TOTAL,1,2025,130264,,,FILTER__ITC4,,,,,,,
IT1:22_289_DF_DCIS_POPRES1_1(1.0),A,ITC49,JAN,1,TOTAL,1,2019,52861,,,FILTER__ITC4,,,,,,,
IT1:22_289_DF_DCIS_POPRES1_1(1.0),A,ITC49,JAN,1,TOTAL,1,2020,53308,,,FILTER__ITC4,,,,,,,
IT1:22_289_DF_DCIS_POPRES1_1(1.0),A,ITC49,JAN,1,TOTAL,1,2021,54068,,,FILTER__ITC4,,,,,,,
IT1:22_289_DF_DCIS_POPRES1_1(1.0),A,ITC49,JAN,1,TOTAL,1,2022,54325,,,FILTER__ITC4,,,,,,,
IT1:22_289_DF_DCIS_POPRES1_1(1.0),A,ITC49,JAN,1,TOTAL,1,2023,55228,,,FILTER__ITC4,,,,,,,
IT1:22_289_DF_DCIS_POPRES1_1(1.0),A,ITC49,JAN,1,TOTAL,1,2024,55968,,,FILTER__ITC4,,,,,,,
IT1:22_289_DF_DCIS_POPRES1_1(1.0),A,ITC49,JAN,1,TOTAL,1,2025,56728,,,FILTER__ITC4,,,,,,,
IT1:22_289_DF_DCIS_POPRES1_1(1.0),A,ITC4A,JAN,1,TOTAL,1,2019,81991,,,FILTER__ITC4,,,,,,,
IT1:22_289_DF_DCIS_POPRES1_1(1.0),A,ITC4A,JAN,1,TOTAL,1,2020,82393,,,FILTER__ITC4,,,,,,,
IT1:22_289_DF_DCIS_POPRES1_1(1.0),A,ITC4A,JAN,1,TOTAL,1,2021,82492,,,FILTER__ITC4,,,,,,,
IT1:22_289_DF_DCIS_POPRES1_1(1.0),A,ITC4A,JAN,1,TOTAL,1,2022,82844,,,FILTER__ITC4,,,,,,,
IT1:22_289_DF_DCIS_POPRES1_1(1.0),A,ITC4A,JAN,1,TOTAL,1,2023,83894,,,FILTER__ITC4,,,,,,,
IT1:22_289_DF_DCIS_POPRES1_1(1.0),A,ITC4A,JAN,1,TOTAL,1,2024,84730,,,FILTER__ITC4,,,,,,,
IT1:22_289_DF_DCIS_POPRES1_1(1.0),A,ITC4A,JAN,1,TOTAL,1,2025,85863,,,FILTER__ITC4,,,,,,,
IT1:22_289_DF_DCIS_POPRES1_1(1.0),A,ITC4B,JAN,1,TOTAL,1,2019,92735,,,FILTER__ITC4,,,,,,,
IT1:22_289_DF_DCIS_POPRES1_1(1.0),A,ITC4B,JAN,1,TOTAL,1,2020,93127,,,FILTER__ITC4,,,,,,,
IT1:22_289_DF_DCIS_POPRES1_1(1.0),A,ITC4B,JAN,1,TOTAL,1,2021,94112,,,FILTER__ITC4,,,,,,,
IT1:22_289_DF_DCIS_POPRES1_1(1.0),A,ITC4B,JAN,1,TOTAL,1,2022,94318,,,FILTER__ITC4,,,,,,,
IT1:22_289_DF_DCIS_POPRES1_1(1.0),A,ITC4B,JAN,1,TOTAL,1,2023,96171,,,FILTER__ITC4,,,,,,,
IT1:22_289_DF_DCIS_POPRES1_1(1.0),A,ITC4B,JAN,1,TOTAL,1,2024,97110,,,FILTER__ITC4,,,,,,,
IT1:22_289_DF_DCIS_POPRES1_1(1.0),A,ITC4B,JAN,1,TOTAL,1,2025,97970,,,FILTER__ITC4,,,,,,,
IT1:22_289_DF_DCIS_POPRES1_1(1.0),A,ITCD,JAN,1,TOTAL,1,2019,6342007,,,,,,,,,,
IT1:22_289_DF_DCIS_POPRES1_1(1.0),A,ITCD,JAN,1,TOTAL,1,2020,6385729,,,,,,,,,,
IT1:22_289_DF_DCIS_POPRES1_1(1.0),A,ITCD,JAN,1,TOTAL,1,2021,6429483,,,,,,,,,,
IT1:22_289_DF_DCIS_POPRES1_1(1.0),A,ITCD,JAN,1,TOTAL,1,2022,6449901,,,,,,,,,,
IT1:22_289_DF_DCIS_POPRES1_1(1.0),A,ITCD,JAN,1,TOTAL,1,2023,6535316,,,,,,,,,,
IT1:22_289_DF_DCIS_POPRES1_1(1.0),A,ITCD,JAN,1,TOTAL,1,2024,6607867,,,,,,,,,,
IT1:22_289_DF_DCIS_POPRES1_1(1.0),A,ITCD,JAN,1,TOTAL,1,2025,6666276,,,,,,,,,,
IT1:22_289_DF_DCIS_POPRES1_1(1.0),A,ITD,JAN,1,TOTAL,1,2019,2698791,,,,,,,,,,
IT1:22_289_DF_DCIS_POPRES1_1(1.0),A,ITD,JAN,1,TOTAL,1,2020,2716940,,,,,,,,,,
IT1:22_289_DF_DCIS_POPRES1_1(1.0),A,ITD,JAN,1,TOTAL,1,2021,2738123,,,,,,,,,,
IT1:22_289_DF_DCIS_POPRES1_1(1.0),A,ITD,JAN,1,TOTAL,1,2022,2745558,,,,,,,,,,
IT1:22_289_DF_DCIS_POPRES1_1(1.0),A,ITD,JAN,1,TOTAL,1,2023,2778931,,,,,,,,,,
IT1:22_289_DF_DCIS_POPRES1_1(1.0),A,ITD,JAN,1,TOTAL,1,2024,2805900,,,,,,,,,,
IT1:22_289_DF_DCIS_POPRES1_1(1.0),A,ITD,JAN,1,TOTAL,1,2025,2828877,,,,,,,,,,
IT1:22_289_DF_DCIS_POPRES1_1(1.0),A,ITD1,JAN,1,TOTAL,1,2019,140734,,,FILTER__ITD1,,,,,,,
IT1:22_289_DF_DCIS_POPRES1_1(1.0),A,ITD1,JAN,1,TOTAL,1,2020,141686,,,FILTER__ITD1,,,,,,,
IT1:22_289_DF_DCIS_POPRES1_1(1.0),A,ITD1,JAN,1,TOTAL,1,2021,142450,,,FILTER__ITD1,,,,,,,
IT1:22_289_DF_DCIS_POPRES1_1(1.0),A,ITD1,JAN,1,TOTAL,1,2022,142658,,,FILTER__ITD1,,,,,,,
IT1:22_289_DF_DCIS_POPRES1_1(1.0),A,ITD1,JAN,1,TOTAL,1,2023,143442,,,FILTER__ITD1,,,,,,,
IT1:22_289_DF_DCIS_POPRES1_1(1.0),A,ITD1,JAN,1,TOTAL,1,2024,144576,,,FILTER__ITD1,,,,,,,
IT1:22_289_DF_DCIS_POPRES1_1(1.0),A,ITD1,JAN,1,TOTAL,1,2025,145222,,,FILTER__ITD1,,,,,,,
IT1:22_289_DF_DCIS_POPRES1_1(1.0),A,ITD10,JAN,1,TOTAL,1,2019,140734,,,FILTER__ITD1,,,,,,,
IT1:22_289_DF_DCIS_POPRES1_1(1.0),A,ITD10,JAN,1,TOTAL,1,2020,141686,,,FILTER__ITD1,,,,,,,
IT1:22_289_DF_DCIS_POPRES1_1(1.0),A,ITD10,JAN,1,TOTAL,1,2021,142450,,,FILTER__ITD1,,,,,,,
IT1:22_289_DF_DCIS_POPRES1_1(1.0),A,ITD10,JAN,1,TOTAL,1,2022,142658,,,FILTER__ITD1,,,,,,,
IT1:22_289_DF_DCIS_POPRES1_1(1.0),A,ITD10,JAN,1,TOTAL,1,2023,143442,,,FILTER__ITD1,,,,,,,
IT1:22_289_DF_DCIS_POPRES1_1(1.0),A,ITD10,JAN,1,TOTAL,1,2024,144576,,,FILTER__ITD1,,,,,,,
IT1:22_289_DF_DCIS_POPRES1_1(1.0),A,ITD10,JAN,1,TOTAL,1,2025,145222,,,FILTER__ITD1,,,,,,,
IT1:22_289_DF_DCIS_POPRES1_1(1.0),A,ITD2,JAN,1,TOTAL,1,2019,130410,,,FILTER__ITD2,,,,,,,
IT1:22_289_DF_DCIS_POPRES1_1(1.0),A,ITD2,JAN,1,TOTAL,1,2020,131870,,,FILTER__ITD2,,,,,,,
IT1:22_289_DF_DCIS_POPRES1_1(1.0),A,ITD2,JAN,1,TOTAL,1,2021,132457,,,FILTER__ITD2,,,,,,,
IT1:22_289_DF_DCIS_POPRES1_1(1.0),A,ITD2,JAN,1,TOTAL,1,2022,133100,,,FILTER__ITD2,,,,,,,
IT1:22_289_DF_DCIS_POPRES1_1(1.0),A,ITD2,JAN,1,TOTAL,1,2023,135079,,,FILTER__ITD2,,,,,,,
IT1:22_289_DF_DCIS_POPRES1_1(1.0),A,ITD2,JAN,1,TOTAL,1,2024,136726,,,FILTER__ITD2,,,,,,,
IT1:22_289_DF_DCIS_POPRES1_1(1.0),A,ITD2,JAN,1,TOTAL,1,2025,137821,,,FILTER__ITD2,,,,,,,
IT1:22_289_DF_DCIS_POPRES1_1(1.0),A,ITD20,JAN,1,TOTAL,1,2019,130410,,,FILTER__ITD2,,,,,,,
IT1:22_289_DF_DCIS_POPRES1_1(1.0),A,ITD20,JAN,1,TOTAL,1,2020,131870,,,FILTER__ITD2,,,,,,,
IT1:22_289_DF_DCIS_POPRES1_1(1.0),A,ITD20,JAN,1,TOTAL,1,2021,132457,,,FILTER__ITD2,,,,,,,
IT1:22_289_DF_DCIS_POPRES1_1(1.0),A,ITD20,JAN,1,TOTAL,1,2022,133100,,,FILTER__ITD2,,,,,,,
IT1:22_289_DF_DCIS_POPRES1_1(1.0),A,ITD20,JAN,1,TOTAL,1,2023,135079,,,FILTER__ITD2,,,,,,,
IT1:22_289_DF_DCIS_POPRES1_1(1.0),A,ITD20,JAN,1,TOTAL,1,2024,136726,,,FILTER__ITD2,,,,,,,
IT1:22_289_DF_DCIS_POPRES1_1(1.0),A,ITD20,JAN,1,TOTAL,1,2025,137821,,,FILTER__ITD2,,,,,,,
IT1:22_289_DF_DCIS_POPRES1_1(1.0),A,ITD3,JAN,1,TOTAL,1,2019,1120996,,,FILTER__ITD3,,,,,,,
IT1:22_289_DF_DCIS_POPRES1_1(1.0),A,ITD3,JAN,1,TOTAL,1,2020,1126182,,,FILTER__ITD3,,,,,,,
IT1:22_289_DF_DCIS_POPRES1_1(1.0),A,ITD3,JAN,1,TOTAL,1,2021,1135750,,,FILTER__ITD3,,,,,,,
IT1:22_289_DF_DCIS_POPRES1_1(1.0),A,ITD3,JAN,1,TOTAL,1,2022,1136093,,,FILTER__ITD3,,,,,,,
IT1:22_289_DF_DCIS_POPRES1_1(1.0),A,ITD3,JAN,1,TOTAL,1,2023,1147878,,,FILTER__ITD3,,,,,,,
IT1:22_289_DF_DCIS_POPRES1_1(1.0),A,ITD3,JAN,1,TOTAL,1,2024,1156616,,,FILTER__ITD3,,,,,,,
IT1:22_289_DF_DCIS_POPRES1_1(1.0),A,ITD3,JAN,1,TOTAL,1,2025,1164711,,,FILTER__ITD3,,,,,,,
IT1:22_289_DF_DCIS_POPRES1_1(1.0),A,ITD31,JAN,1,TOTAL,1,2019,212795,,,FILTER__ITD3,,,,,,,
IT1:22_289_DF_DCIS_POPRES1_1(1.0),A,ITD31,JAN,1,TOTAL,1,2020,214428,,,FILTER__ITD3,,,,,,,
IT1:22_289_DF_DCIS_POPRES1_1(1.0),A,ITD31,JAN,1,TOTAL,1,2021,217969,,,FILTER__ITD3,,,,,,,
IT1:22_289_DF_DCIS_POPRES1_1(1.0),A,ITD31,JAN,1,TOTAL,1,2022,217633,,,FILTER__ITD3,,,,,,,
IT1:22_289_DF_DCIS_POPRES1_1(1.0),A,ITD31,JAN,1,TOTAL,1,2023,220029,,,FILTER__ITD3,,,,,,,
IT1:22_289_DF_DCIS_POPRES1_1(1.0),A,ITD31,JAN,1,TOTAL,1,2024,221645,,,FILTER__ITD3,,,,,,,
IT1:22_289_DF_DCIS_POPRES1_1(1.0),A,ITD31,JAN,1,TOTAL,1,2025,223155,,,FILTER__ITD3,,,,,,,
IT1:22_289_DF_DCIS_POPRES1_1(1.0),A,ITD32,JAN,1,TOTAL,1,2019,200794,,,FILTER__ITD3,,,,,,,
IT1:22_289_DF_DCIS_POPRES1_1(1.0),A,ITD32,JAN,1,TOTAL,1,2020,201599,,,FILTER__ITD3,,,,,,,
IT1:22_289_DF_DCIS_POPRES1_1(1.0),A,ITD32,JAN,1,TOTAL,1,2021,203606,,,FILTER__ITD3,,,,,,,
IT1:22_289_DF_DCIS_POPRES1_1(1.0),A,ITD32,JAN,1,TOTAL,1,2022,203945,,,FILTER__ITD3,,,,,,,
IT1:22_289_DF_DCIS_POPRES1_1(1.0),A,ITD32,JAN,1,TOTAL,1,2023,206051,,,FILTER__ITD3,,,,,,,
IT1:22_289_DF_DCIS_POPRES1_1(1.0),A,ITD32,JAN,1,TOTAL,1,2024,207504,,,FILTER__ITD3,,,,,,,
IT1:22_289_DF_DCIS_POPRES1_1(1.0),A,ITD32,JAN,1,TOTAL,1,2025,208730,,,FILTER__ITD3,,,,,,,
IT1:22_289_DF_DCIS_POPRES1_1(1.0),A,ITD33,JAN,1,TOTAL,1,2019,47225,,,FILTER__ITD3,,,,,,,
IT1:22_289_DF_DCIS_POPRES1_1(1.0),A,ITD33,JAN,1,TOTAL,1,2020,47264,,,FILTER__ITD3,,,,,,,
IT1:22_289_DF_DCIS_POPRES1_1(1.0),A,ITD33,JAN,1,TOTAL,1,2021,47206,,,FILTER__ITD3,,,,,,,
IT1:22_289_DF_DCIS_POPRES1_1(1.0),A,ITD33,JAN,1,TOTAL,1,2022,47326,,,FILTER__ITD3,,,,,,,
IT1:22_289_DF_DCIS_POPRES1_1(1.0),A,ITD33,JAN,1,TOTAL,1,2023,47588,,,FILTER__ITD3,,,,,,,
IT1:22_289_DF_DCIS_POPRES1_1(1.0),A,ITD33,JAN,1,TOTAL,1,2024,47958,,,FILTER__ITD3,,,,,,,
IT1:22_289_DF_DCIS_POPRES1_1(1.0),A,ITD33,JAN,1,TOTAL,1,2025,48413,,,FILTER__ITD3,,,,,,,
IT1:22_289_DF_DCIS_POPRES1_1(1.0),A,ITD34,JAN,1,TOTAL,1,2019,205633,,,FILTER__ITD3,,,,,,,
IT1:22_289_DF_DCIS_POPRES1_1(1.0),A,ITD34,JAN,1,TOTAL,1,2020,206463,,,FILTER__ITD3,,,,,,,
IT1:22_289_DF_DCIS_POPRES1_1(1.0),A,ITD34,JAN,1,TOTAL,1,2021,207348,,,FILTER__ITD3,,,,,,,
IT1:22_289_DF_DCIS_POPRES1_1(1.0),A,ITD34,JAN,1,TOTAL,1,2022,207742,,,FILTER__ITD3,,,,,,,
IT1:22_289_DF_DCIS_POPRES1_1(1.0),A,ITD34,JAN,1,TOTAL,1,2023,209999,,,FILTER__ITD3,,,,,,,
IT1:22_289_DF_DCIS_POPRES1_1(1.0),A,ITD34,JAN,1,TOTAL,1,2024,211530,,,FILTER__ITD3,,,,,,,
IT1:22_289_DF_DCIS_POPRES1_1(1.0),A,ITD34,JAN,1,TOTAL,1,2025,212756,,,FILTER__ITD3,,,,,,,
IT1:22_289_DF_DCIS_POPRES1_1(1.0),A,ITD35,JAN,1,TOTAL,1,2019,187673,,,FILTER__ITD3,,,,,,,
IT1:22_289_DF_DCIS_POPRES1_1(1.0),A,ITD35,JAN,1,TOTAL,1,2020,188554,,,FILTER__ITD3,,,,,,,
IT1:22_289_DF_DCIS_POPRES1_1(1.0),A,ITD35,JAN,1,TOTAL,1,2021,189672,,,FILTER__ITD3,,,,,,,
IT1:22_289_DF_DCIS_POPRES1_1(1.0),A,ITD35,JAN,1,TOTAL,1,2022,189033,,,FILTER__ITD3,,,,,,,
IT1:22_289_DF_DCIS_POPRES1_1(1.0),A,ITD35,JAN,1,TOTAL,1,2023,191187,,,FILTER__ITD3,,,,,,,
IT1:22_289_DF_DCIS_POPRES1_1(1.0),A,ITD35,JAN,1,TOTAL,1,2024,192669,,,FILTER__ITD3,,,,,,,
IT1:22_289_DF_DCIS_POPRES1_1(1.0),A,ITD35,JAN,1,TOTAL,1,2025,194080,,,FILTER__ITD3,,,,,,,
IT1:22_289_DF_DCIS_POPRES1_1(1.0),A,ITD36,JAN,1,TOTAL,1,2019,216070,,,FILTER__ITD3,,,,,,,
IT1:22_289_DF_DCIS_POPRES1_1(1.0),A,ITD36,JAN,1,TOTAL,1,2020,217281,,,FILTER__ITD3,,,,,,,
IT1:22_289_DF_DCIS_POPRES1_1(1.0),A,ITD36,JAN,1,TOTAL,1,2021,218929,,,FILTER__ITD3,,,,,,,
IT1:22_289_DF_DCIS_POPRES1_1(1.0),A,ITD36,JAN,1,TOTAL,1,2022,219540,,,FILTER__ITD3,,,,,,,
IT1:22_289_DF_DCIS_POPRES1_1(1.0),A,ITD36,JAN,1,TOTAL,1,2023,221705,,,FILTER__ITD3,,,,,,,
IT1:22_289_DF_DCIS_POPRES1_1(1.0),A,ITD36,JAN,1,TOTAL,1,2024,223682,,,FILTER__ITD3,,,,,,,
IT1:22_289_DF_DCIS_POPRES1_1(1.0),A,ITD36,JAN,1,TOTAL,1,2025,225481,,,FILTER__ITD3,,,,,,,
IT1:22_289_DF_DCIS_POPRES1_1(1.0),A,ITD37,JAN,1,TOTAL,1,2019,50806,,,FILTER__ITD3,,,,,,,
IT1:22_289_DF_DCIS_POPRES1_1(1.0),A,ITD37,JAN,1,TOTAL,1,2020,50593,,,FILTER__ITD3,,,,,,,
IT1:22_289_DF_DCIS_POPRES1_1(1.0),A,ITD37,JAN,1,TOTAL,1,2021,51020,,,FILTER__ITD3,,,,,,,
IT1:22_289_DF_DCIS_POPRES1_1(1.0),A,ITD37,JAN,1,TOTAL,1,2022,50874,,,FILTER__ITD3,,,,,,,
IT1:22_289_DF_DCIS_POPRES1_1(1.0),A,ITD37,JAN,1,TOTAL,1,2023,51319,,,FILTER__ITD3,,,,,,,
IT1:22_289_DF_DCIS_POPRES1_1(1.0),A,ITD37,JAN,1,TOTAL,1,2024,51628,,,FILTER__ITD3,,,,,,,
IT1:22_289_DF_DCIS_POPRES1_1(1.0),A,ITD37,JAN,1,TOTAL,1,2025,52096,,,FILTER__ITD3,,,,,,,
IT1:22_289_DF_DCIS_POPRES1_1(1.0),A,ITD4,JAN,1,TOTAL,1,2019,271430,,,FILTER__ITD4,,,,,,,
IT1:22_289_DF_DCIS_POPRES1_1(1.0),A,ITD4,JAN,1,TOTAL,1,2020,272137,,,FILTER__ITD4,,,,,,,
IT1:22_289_DF_DCIS_POPRES1_1(1.0),A,ITD4,JAN,1,TOTAL,1,2021,274109,,,FILTER__ITD4,,,,,,,
IT1:22_289_DF_DCIS_POPRES1_1(1.0),A,ITD4,JAN,1,TOTAL,1,2022,275362,,,FILTER__ITD4,,,,,,,
IT1:22_289_DF_DCIS_POPRES1_1(1.0),A,ITD4,JAN,1,TOTAL,1,2023,278983,,,FILTER__ITD4,,,,,,,
IT1:22_289_DF_DCIS_POPRES1_1(1.0),A,ITD4,JAN,1,TOTAL,1,2024,281228,,,FILTER__ITD4,,,,,,,
IT1:22_289_DF_DCIS_POPRES1_1(1.0),A,ITD4,JAN,1,TOTAL,1,2025,283036,,,FILTER__ITD4,,,,,,,
IT1:22_289_DF_DCIS_POPRES1_1(1.0),A,ITD41,JAN,1,TOTAL,1,2019,70912,,,FILTER__ITD4,,,,,,,
IT1:22_289_DF_DCIS_POPRES1_1(1.0),A,ITD41,JAN,1,TOTAL,1,2020,71284,,,FILTER__ITD4,,,,,,,
IT1:22_289_DF_DCIS_POPRES1_1(1.0),A,ITD41,JAN,1,TOTAL,1,2021,72056,,,FILTER__ITD4,,,,,,,
IT1:22_289_DF_DCIS_POPRES1_1(1.0),A,ITD41,JAN,1,TOTAL,1,2022,72306,,,FILTER__ITD4,,,,,,,
IT1:22_289_DF_DCIS_POPRES1_1(1.0),A,ITD41,JAN,1,TOTAL,1,2023,73472,,,FILTER__ITD4,,,,,,,
IT1:22_289_DF_DCIS_POPRES1_1(1.0),A,ITD41,JAN,1,TOTAL,1,2024,74090,,,FILTER__ITD4,,,,,,,
IT1:22_289_DF_DCIS_POPRES1_1(1.0),A,ITD41,JAN,1,TOTAL,1,2025,74612,,,FILTER__ITD4,,,,,,,
IT1:22_289_DF_DCIS_POPRES1_1(1.0),A,ITD42,JAN,1,TOTAL,1,2019,118609,,,FILTER__ITD4,,,,,,,
IT1:22_289_DF_DCIS_POPRES1_1(1.0),A,ITD42,JAN,1,TOTAL,1,2020,118558,,,FILTER__ITD4,,,,,,,
IT1:22_289_DF_DCIS_POPRES1_1(1.0),A,ITD42,JAN,1,TOTAL,1,2021,118493,,,FILTER__ITD4,,,,,,,
IT1:22_289_DF_DCIS_POPRES1_1(1.0),A,ITD42,JAN,1,TOTAL,1,2022,118950,,,FILTER__ITD4,,,,,,,
IT1:22_289_DF_DCIS_POPRES1_1(1.0),A,ITD42,JAN,1,TOTAL,1,2023,119980,,,FILTER__ITD4,,,,,,,
IT1:22_289_DF_DCIS_POPRES1_1(1.0),A,ITD42,JAN,1,TOTAL,1,2024,120673,,,FILTER__ITD4,,,,,,,
IT1:22_289_DF_DCIS_POPRES1_1(1.0),A,ITD42,JAN,1,TOTAL,1,2025,121328,,,FILTER__ITD4,,,,,,,
IT1:22_289_DF_DCIS_POPRES1_1(1.0),A,ITD43,JAN,1,TOTAL,1,2019,30737,,,FILTER__ITD4,,,,,,,
IT1:22_289_DF_DCIS_POPRES1_1(1.0),A,ITD43,JAN,1,TOTAL,1,2020,30897,,,FILTER__ITD4,,,,,,,
IT1:22_289_DF_DCIS_POPRES1_1(1.0),A,ITD43,JAN,1,TOTAL,1,2021,31616,,,FILTER__ITD4,,,,,,,
IT1:22_289_DF_DCIS_POPRES1_1(1.0),A,ITD43,JAN,1,TOTAL,1,2022,31633,,,FILTER__ITD4,,,,,,,
IT1:22_289_DF_DCIS_POPRES1_1(1.0),A,ITD43,JAN,1,TOTAL,1,2023,32287,,,FILTER__ITD4,,,,,,,
IT1:22_289_DF_DCIS_POPRES1_1(1.0),A,ITD43,JAN,1,TOTAL,1,2024,32713,,,FILTER__ITD4,,,,,,,
IT1:22_289_DF_DCIS_POPRES1_1(1.0),A,ITD43,JAN,1,TOTAL,1,2025,33004,,,FILTER__ITD4,,,,,,,
IT1:22_289_DF_DCIS_POPRES1_1(1.0),A,ITD44,JAN,1,TOTAL,1,2019,51172,,,FILTER__ITD4,,,,,,,
IT1:22_289_DF_DCIS_POPRES1_1(1.0),A,ITD44,JAN,1,TOTAL,1,2020,51398,,,FILTER__ITD4,,,,,,,
IT1:22_289_DF_DCIS_POPRES1_1(1.0),A,ITD44,JAN,1,TOTAL,1,2021,51944,,,FILTER__ITD4,,,,,,,
IT1:22_289_DF_DCIS_POPRES1_1(1.0),A,ITD44,JAN,1,TOTAL,1,2022,52473,,,FILTER__ITD4,,,,,,,
IT1:22_289_DF_DCIS_POPRES1_1(1.0),A,ITD44,JAN,1,TOTAL,1,2023,53244,,,FILTER__ITD4,,,,,,,
IT1:22_289_DF_DCIS_POPRES1_1(1.0),A,ITD44,JAN,1,TOTAL,1,2024,53752,,,FILTER__ITD4,,,,,,,
IT1:22_289_DF_DCIS_POPRES1_1(1.0),A,ITD44,JAN,1,TOTAL,1,2025,54092,,,FILTER__ITD4,,,,,,,
IT1:22_289_DF_DCIS_POPRES1_1(1.0),A,ITD5,JAN,1,TOTAL,1,2019,1035221,,,FILTER__ITD5,,,,,,,
IT1:22_289_DF_DCIS_POPRES1_1(1.0),A,ITD5,JAN,1,TOTAL,1,2020,1045065,,,FILTER__ITD5,,,,,,,
IT1:22_289_DF_DCIS_POPRES1_1(1.0),A,ITD5,JAN,1,TOTAL,1,2021,1053357,,,FILTER__ITD5,,,,,,,
IT1:22_289_DF_DCIS_POPRES1_1(1.0),A,ITD5,JAN,1,TOTAL,1,2022,1058345,,,FILTER__ITD5,,,,,,,
IT1:22_289_DF_DCIS_POPRES1_1(1.0),A,ITD5,JAN,1,TOTAL,1,2023,1073549,,,FILTER__ITD5,,,,,,,
IT1:22_289_DF_DCIS_POPRES1_1(1.0),A,ITD5,JAN,1,TOTAL,1,2024,1086754,,,FILTER__ITD5,,,,,,,
IT1:22_289_DF_DCIS_POPRES1_1(1.0),A,ITD5,JAN,1,TOTAL,1,2025,1098087,,,FILTER__ITD5,,,,,,,
IT1:22_289_DF_DCIS_POPRES1_1(1.0),A,ITD51,JAN,1,TOTAL,1,2019,65085,,,FILTER__ITD5,,,,,,,
IT1:22_289_DF_DCIS_POPRES1_1(1.0),A,ITD51,JAN,1,TOTAL,1,2020,65594,,,FILTER__ITD5,,,,,,,
IT1:22_289_DF_DCIS_POPRES1_1(1.0),A,ITD51,JAN,1,TOTAL,1,2021,65984,,,FILTER__ITD5,,,,,,,
IT1:22_289_DF_DCIS_POPRES1_1(1.0),A,ITD51,JAN,1,TOTAL,1,2022,66298,,,FILTER__ITD5,,,,,,,
IT1:22_289_DF_DCIS_POPRES1_1(1.0),A,ITD51,JAN,1,TOTAL,1,2023,67393,,,FILTER__ITD5,,,,,,,
IT1:22_289_DF_DCIS_POPRES1_1(1.0),A,ITD51,JAN,1,TOTAL,1,2024,68295,,,FILTER__ITD5,,,,,,,
IT1:22_289_DF_DCIS_POPRES1_1(1.0),A,ITD51,JAN,1,TOTAL,1,2025,69165,,,FILTER__ITD5,,,,,,,
IT1:22_289_DF_DCIS_POPRES1_1(1.0),A,ITD52,JAN,1,TOTAL,1,2019,105349,,,FILTER__ITD5,,,,,,,
IT1:22_289_DF_DCIS_POPRES1_1(1.0),A,ITD52,JAN,1,TOTAL,1,2020,107220,,,FILTER__ITD5,,,,,,,
IT1:22_289_DF_DCIS_POPRES1_1(1.0),A,ITD52,JAN,1,TOTAL,1,2021,107746,,,FILTER__ITD5,,,,,,,
IT1:22_289_DF_DCIS_POPRES1_1(1.0),A,ITD52,JAN,1,TOTAL,1,2022,108289,,,FILTER__ITD5,,,,,,,
IT1:22_289_DF_DCIS_POPRES1_1(1.0),A,ITD52,JAN,1,TOTAL,1,2023,110257,,,FILTER__ITD5,,,,,,,
IT1:22_289_DF_DCIS_POPRES1_1(1.0),A,ITD52,JAN,1,TOTAL,1,2024,111853,,,FILTER__ITD5,,,,,,,
IT1:22_289_DF_DCIS_POPRES1_1(1.0),A,ITD52,JAN,1,TOTAL,1,2025,113124,,,FILTER__ITD5,,,,,,,
IT1:22_289_DF_DCIS_POPRES1_1(1.0),A,ITD53,JAN,1,TOTAL,1,2019,125980,,,FILTER__ITD5,,,,,,,
IT1:22_289_DF_DCIS_POPRES1_1(1.0),A,ITD53,JAN,1,TOTAL,1,2020,126629,,,FILTER__ITD5,,,,,,,
IT1:22_289_DF_DCIS_POPRES1_1(1.0),A,ITD53,JAN,1,TOTAL,1,2021,127529,,,FILTER__ITD5,,,,,,,
IT1:22_289_DF_DCIS_POPRES1_1(1.0),A,ITD53,JAN,1,TOTAL,1,2022,127849,,,FILTER__ITD5,,,,,,,
IT1:22_289_DF_DCIS_POPRES1_1(1.0),A,ITD53,JAN,1,TOTAL,1,2023,129529,,,FILTER__ITD5,,,,,,,
IT1:22_289_DF_DCIS_POPRES1_1(1.0),A,ITD53,JAN,1,TOTAL,1,2024,130777,,,FILTER__ITD5,,,,,,,
IT1:22_289_DF_DCIS_POPRES1_1(1.0),A,ITD53,JAN,1,TOTAL,1,2025,132217,,,FILTER__ITD5,,,,,,,
IT1:22_289_DF_DCIS_POPRES1_1(1.0),A,ITD54,JAN,1,TOTAL,1,2019,167643,,,FILTER__ITD5,,,,,,,
IT1:22_289_DF_DCIS_POPRES1_1(1.0),A,ITD54,JAN,1,TOTAL,1,2020,168992,,,FILTER__ITD5,,,,,,,
IT1:22_289_DF_DCIS_POPRES1_1(1.0),A,ITD54,JAN,1,TOTAL,1,2021,170353,,,FILTER__ITD5,,,,,,,
IT1:22_289_DF_DCIS_POPRES1_1(1.0),A,ITD54,JAN,1,TOTAL,1,2022,171031,,,FILTER__ITD5,,,,,,,
IT1:22_289_DF_DCIS_POPRES1_1(1.0),A,ITD54,JAN,1,TOTAL,1,2023,173017,,,FILTER__ITD5,,,,,,,
IT1:22_289_DF_DCIS_POPRES1_1(1.0),A,ITD54,JAN,1,TOTAL,1,2024,175139,,,FILTER__ITD5,,,,,,,
IT1:22_289_DF_DCIS_POPRES1_1(1.0),A,ITD54,JAN,1,TOTAL,1,2025,177266,,,FILTER__ITD5,,,,,,,
IT1:22_289_DF_DCIS_POPRES1_1(1.0),A,ITD55,JAN,1,TOTAL,1,2019,237855,,,FILTER__ITD5,,,,,,,
IT1:22_289_DF_DCIS_POPRES1_1(1.0),A,ITD55,JAN,1,TOTAL,1,2020,241424,,,FILTER__ITD5,,,,,,,
IT1:22_289_DF_DCIS_POPRES1_1(1.0),A,ITD55,JAN,1,TOTAL,1,2021,243838,,,FILTER__ITD5,,,,,,,
IT1:22_289_DF_DCIS_POPRES1_1(1.0),A,ITD55,JAN,1,TOTAL,1,2022,244862,,,FILTER__ITD5,,,,,,,
IT1:22_289_DF_DCIS_POPRES1_1(1.0),A,ITD55,JAN,1,TOTAL,1,2023,249039,,,FILTER__ITD5,,,,,,,
IT1:22_289_DF_DCIS_POPRES1_1(1.0),A,ITD55,JAN,1,TOTAL,1,2024,252398,,,FILTER__ITD5,,,,,,,
IT1:22_289_DF_DCIS_POPRES1_1(1.0),A,ITD55,JAN,1,TOTAL,1,2025,255179,,,FILTER__ITD5,,,,,,,
IT1:22_289_DF_DCIS_POPRES1_1(1.0),A,ITD56,JAN,1,TOTAL,1,2019,74604,,,FILTER__ITD5,,,,,,,
IT1:22_289_DF_DCIS_POPRES1_1(1.0),A,ITD56,JAN,1,TOTAL,1,2020,75118,,,FILTER__ITD5,,,,,,,
IT1:22_289_DF_DCIS_POPRES1_1(1.0),A,ITD56,JAN,1,TOTAL,1,2021,75505,,,FILTER__ITD5,,,,,,,
IT1:22_289_DF_DCIS_POPRES1_1(1.0),A,ITD56,JAN,1,TOTAL,1,2022,75960,,,FILTER__ITD5,,,,,,,
IT1:22_289_DF_DCIS_POPRES1_1(1.0),A,ITD56,JAN,1,TOTAL,1,2023,77209,,,FILTER__ITD5,,,,,,,
IT1:22_289_DF_DCIS_POPRES1_1(1.0),A,ITD56,JAN,1,TOTAL,1,2024,78272,,,FILTER__ITD5,,,,,,,
IT1:22_289_DF_DCIS_POPRES1_1(1.0),A,ITD56,JAN,1,TOTAL,1,2025,79154,,,FILTER__ITD5,,,,,,,
IT1:22_289_DF_DCIS_POPRES1_1(1.0),A,ITD57,JAN,1,TOTAL,1,2019,89831,,,FILTER__ITD5,,,,,,,
IT1:22_289_DF_DCIS_POPRES1_1(1.0),A,ITD57,JAN,1,TOTAL,1,2020,90090,,,FILTER__ITD5,,,,,,,
IT1:22_289_DF_DCIS_POPRES1_1(1.0),A,ITD57,JAN,1,TOTAL,1,2021,90759,,,FILTER__ITD5,,,,,,,
IT1:22_289_DF_DCIS_POPRES1_1(1.0),A,ITD57,JAN,1,TOTAL,1,2022,91497,,,FILTER__ITD5,,,,,,,
IT1:22_289_DF_DCIS_POPRES1_1(1.0),A,ITD57,JAN,1,TOTAL,1,2023,92430,,,FILTER__ITD5,,,,,,,
IT1:22_289_DF_DCIS_POPRES1_1(1.0),A,ITD57,JAN,1,TOTAL,1,2024,93460,,,FILTER__ITD5,,,,,,,
IT1:22_289_DF_DCIS_POPRES1_1(1.0),A,ITD57,JAN,1,TOTAL,1,2025,93955,,,FILTER__ITD5,,,,,,,
IT1:22_289_DF_DCIS_POPRES1_1(1.0),A,ITD58,JAN,1,TOTAL,1,2019,91307,,,FILTER__ITD5,,,,,,,
IT1:22_289_DF_DCIS_POPRES1_1(1.0),A,ITD58,JAN,1,TOTAL,1,2020,91983,,,FILTER__ITD5,,,,,,,
IT1:22_289_DF_DCIS_POPRES1_1(1.0),A,ITD58,JAN,1,TOTAL,1,2021,92455,,,FILTER__ITD5,,,,,,,
IT1:22_289_DF_DCIS_POPRES1_1(1.0),A,ITD58,JAN,1,TOTAL,1,2022,92727,,,FILTER__ITD5,,,,,,,
IT1:22_289_DF_DCIS_POPRES1_1(1.0),A,ITD58,JAN,1,TOTAL,1,2023,93783,,,FILTER__ITD5,,,,,,,
IT1:22_289_DF_DCIS_POPRES1_1(1.0),A,ITD58,JAN,1,TOTAL,1,2024,94870,,,FILTER__ITD5,,,,,,,
IT1:22_289_DF_DCIS_POPRES1_1(1.0),A,ITD58,JAN,1,TOTAL,1,2025,95787,,,FILTER__ITD5,,,,,,,
IT1:22_289_DF_DCIS_POPRES1_1(1.0),A,ITD59,JAN,1,TOTAL,1,2019,77567,,,FILTER__ITD5,,,,,,,
IT1:22_289_DF_DCIS_POPRES1_1(1.0),A,ITD59,JAN,1,TOTAL,1,2020,78015,,,FILTER__ITD5,,,,,,,
IT1:22_289_DF_DCIS_POPRES1_1(1.0),A,ITD59,JAN,1,TOTAL,1,2021,79188,,,FILTER__ITD5,,,,,,,
IT1:22_289_DF_DCIS_POPRES1_1(1.0),A,ITD59,JAN,1,TOTAL,1,2022,79832,,,FILTER__ITD5,,,,,,,
IT1:22_289_DF_DCIS_POPRES1_1(1.0),A,ITD59,JAN,1,TOTAL,1,2023,80892,,,FILTER__ITD5,,,,,,,
IT1:22_289_DF_DCIS_POPRES1_1(1.0),A,ITD59,JAN,1,TOTAL,1,2024,81690,,,FILTER__ITD5,,,,,,,
IT1:22_289_DF_DCIS_POPRES1_1(1.0),A,ITD59,JAN,1,TOTAL,1,2025,82240,,,FILTER__ITD5,,,,,,,
IT1:22_289_DF_DCIS_POPRES1_1(1.0),A,ITDA,JAN,1,TOTAL,1,2019,271144,,,,,,,,,,
IT1:22_289_DF_DCIS_POPRES1_1(1.0),A,ITDA,JAN,1,TOTAL,1,2020,273556,,,,,,,,,,
IT1:22_289_DF_DCIS_POPRES1_1(1.0),A,ITDA,JAN,1,TOTAL,1,2021,274907,,,,,,,,,,
IT1:22_289_DF_DCIS_POPRES1_1(1.0),A,ITDA,JAN,1,TOTAL,1,2022,275758,,,,,,,,,,
IT1:22_289_DF_DCIS_POPRES1_1(1.0),A,ITDA,JAN,1,TOTAL,1,2023,278521,,,,,,,,,,
IT1:22_289_DF_DCIS_POPRES1_1(1.0),A,ITDA,JAN,1,TOTAL,1,2024,281302,,,,,,,,,,
IT1:22_289_DF_DCIS_POPRES1_1(1.0),A,ITDA,JAN,1,TOTAL,1,2025,283043,,,,,,,,,,
IT1:22_289_DF_DCIS_POPRES1_1(1.0),A,ITE,JAN,1,TOTAL,1,2019,2676651,,,,,,,,,,
IT1:22_289_DF_DCIS_POPRES1_1(1.0),A,ITE,JAN,1,TOTAL,1,2020,2686127,,,,,,,,,,
IT1:22_289_DF_DCIS_POPRES1_1(1.0),A,ITE,JAN,1,TOTAL,1,2021,2698431,,,,,,,,,,
IT1:22_289_DF_DCIS_POPRES1_1(1.0),A,ITE,JAN,1,TOTAL,1,2022,2711972,,,,,,,,,,
IT1:22_289_DF_DCIS_POPRES1_1(1.0),A,ITE,JAN,1,TOTAL,1,2023,2742488,,,,,,,,,,
IT1:22_289_DF_DCIS_POPRES1_1(1.0),A,ITE,JAN,1,TOTAL,1,2024,2762486,,,,,,,,,,
IT1:22_289_DF_DCIS_POPRES1_1(1.0),A,ITE,JAN,1,TOTAL,1,2025,2783568,,,,,,,,,,
IT1:22_289_DF_DCIS_POPRES1_1(1.0),A,ITE1,JAN,1,TOTAL,1,2019,817761,,,FILTER__ITE1,,,,,,,
IT1:22_289_DF_DCIS_POPRES1_1(1.0),A,ITE1,JAN,1,TOTAL,1,2020,821784,,,FILTER__ITE1,,,,,,,
IT1:22_289_DF_DCIS_POPRES1_1(1.0),A,ITE1,JAN,1,TOTAL,1,2021,832406,,,FILTER__ITE1,,,,,,,
IT1:22_289_DF_DCIS_POPRES1_1(1.0),A,ITE1,JAN,1,TOTAL,1,2022,831850,,,FILTER__ITE1,,,,,,,
IT1:22_289_DF_DCIS_POPRES1_1(1.0),A,ITE1,JAN,1,TOTAL,1,2023,842228,,,FILTER__ITE1,,,,,,,
IT1:22_289_DF_DCIS_POPRES1_1(1.0),A,ITE1,JAN,1,TOTAL,1,2024,849417,,,FILTER__ITE1,,,,,,,
IT1:22_289_DF_DCIS_POPRES1_1(1.0),A,ITE1,JAN,1,TOTAL,1,2025,856815,,,FILTER__ITE1,,,,,,,
IT1:22_289_DF_DCIS_POPRES1_1(1.0),A,ITE11,JAN,1,TOTAL,1,2019,41641,,,FILTER__ITE1,,,,,,,
IT1:22_289_DF_DCIS_POPRES1_1(1.0),A,ITE11,JAN,1,TOTAL,1,2020,41616,,,FILTER__ITE1,,,,,,,
IT1:22_289_DF_DCIS_POPRES1_1(1.0),A,ITE11,JAN,1,TOTAL,1,2021,41575,,,FILTER__ITE1,,,,,,,
IT1:22_289_DF_DCIS_POPRES1_1(1.0),A,ITE11,JAN,1,TOTAL,1,2022,41511,,,FILTER__ITE1,,,,,,,
IT1:22_289_DF_DCIS_POPRES1_1(1.0),A,ITE11,JAN,1,TOTAL,1,2023,41685,,,FILTER__ITE1,,,,,,,
IT1:22_289_DF_DCIS_POPRES1_1(1.0),A,ITE11,JAN,1,TOTAL,1,2024,41970,,,FILTER__ITE1,,,,,,,
IT1:22_289_DF_DCIS_POPRES1_1(1.0),A,ITE11,JAN,1,TOTAL,1,2025,42438,,,FILTER__ITE1,,,,,,,
IT1:22_289_DF_DCIS_POPRES1_1(1.0),A,ITE12,JAN,1,TOTAL,1,2019,83525,,,FILTER__ITE1,,,,,,,
IT1:22_289_DF_DCIS_POPRES1_1(1.0),A,ITE12,JAN,1,TOTAL,1,2020,83803,,,FILTER__ITE1,,,,,,,
IT1:22_289_DF_DCIS_POPRES1_1(1.0),A,ITE12,JAN,1,TOTAL,1,2021,84729,,,FILTER__ITE1,,,,,,,
IT1:22_289_DF_DCIS_POPRES1_1(1.0),A,ITE12,JAN,1,TOTAL,1,2022,85138,,,FILTER__ITE1,,,,,,,
IT1:22_289_DF_DCIS_POPRES1_1(1.0),A,ITE12,JAN,1,TOTAL,1,2023,85971,,,FILTER__ITE1,,,,,,,
IT1:22_289_DF_DCIS_POPRES1_1(1.0),A,ITE12,JAN,1,TOTAL,1,2024,86595,,,FILTER__ITE1,,,,,,,
IT1:22_289_DF_DCIS_POPRES1_1(1.0),A,ITE12,JAN,1,TOTAL,1,2025,87259,,,FILTER__ITE1,,,,,,,
IT1:22_289_DF_DCIS_POPRES1_1(1.0),A,ITE13,JAN,1,TOTAL,1,2019,62056,,,FILTER__ITE1,,,,,,,
IT1:22_289_DF_DCIS_POPRES1_1(1.0),A,ITE13,JAN,1,TOTAL,1,2020,62926,,,FILTER__ITE1,,,,,,,
IT1:22_289_DF_DCIS_POPRES1_1(1.0),A,ITE13,JAN,1,TOTAL,1,2021,63395,,,FILTER__ITE1,,,,,,,
IT1:22_289_DF_DCIS_POPRES1_1(1.0),A,ITE13,JAN,1,TOTAL,1,2022,63831,,,FILTER__ITE1,,,,,,,
IT1:22_289_DF_DCIS_POPRES1_1(1.0),A,ITE13,JAN,1,TOTAL,1,2023,64605,,,FILTER__ITE1,,,,,,,
IT1:22_289_DF_DCIS_POPRES1_1(1.0),A,ITE13,JAN,1,TOTAL,1,2024,65356,,,FILTER__ITE1,,,,,,,
IT1:22_289_DF_DCIS_POPRES1_1(1.0),A,ITE13,JAN,1,TOTAL,1,2025,66004,,,FILTER__ITE1,,,,,,,
IT1:22_289_DF_DCIS_POPRES1_1(1.0),A,ITE14,JAN,1,TOTAL,1,2019,229084,,,FILTER__ITE1,,,,,,,
IT1:22_289_DF_DCIS_POPRES1_1(1.0),A,ITE14,JAN,1,TOTAL,1,2020,229637,,,FILTER__ITE1,,,,,,,
IT1:22_289_DF_DCIS_POPRES1_1(1.0),A,ITE14,JAN,1,TOTAL,1,2021,233313,,,FILTER__ITE1,,,,,,,
IT1:22_289_DF_DCIS_POPRES1_1(1.0),A,ITE14,JAN,1,TOTAL,1,2022,232479,,,FILTER__ITE1,,,,,,,
IT1:22_289_DF_DCIS_POPRES1_1(1.0),A,ITE14,JAN,1,TOTAL,1,2023,235746,,,FILTER__ITE1,,,,,,,
IT1:22_289_DF_DCIS_POPRES1_1(1.0),A,ITE14,JAN,1,TOTAL,1,2024,237599,,,FILTER__ITE1,,,,,,,
IT1:22_289_DF_DCIS_POPRES1_1(1.0),A,ITE14,JAN,1,TOTAL,1,2025,239558,,,FILTER__ITE1,,,,,,,
IT1:22_289_DF_DCIS_POPRES1_1(1.0),A,ITE15,JAN,1,TOTAL,1,2019,59239,,,FILTER__ITE1,,,,,,,
IT1:22_289_DF_DCIS_POPRES1_1(1.0),A,ITE15,JAN,1,TOTAL,1,2020,59812,,,FILTER__ITE1,,,,,,,
IT1:22_289_DF_DCIS_POPRES1_1(1.0),A,ITE15,JAN,1,TOTAL,1,2021,62956,,,FILTER__ITE1,,,,,,,
IT1:22_289_DF_DCIS_POPRES1_1(1.0),A,ITE15,JAN,1,TOTAL,1,2022,61411,,,FILTER__ITE1,,,,,,,
IT1:22_289_DF_DCIS_POPRES1_1(1.0),A,ITE15,JAN,1,TOTAL,1,2023,63385,,,FILTER__ITE1,,,,,,,
IT1:22_289_DF_DCIS_POPRES1_1(1.0),A,ITE15,JAN,1,TOTAL,1,2024,64120,,,FILTER__ITE1,,,,,,,
IT1:22_289_DF_DCIS_POPRES1_1(1.0),A,ITE15,JAN,1,TOTAL,1,2025,64339,,,FILTER__ITE1,,,,,,,
IT1:22_289_DF_DCIS_POPRES1_1(1.0),A,ITE16,JAN,1,TOTAL,1,2019,69956,,,FILTER__ITE1,,,,,,,
IT1:22_289_DF_DCIS_POPRES1_1(1.0),A,ITE16,JAN,1,TOTAL,1,2020,70120,,,FILTER__ITE1,,,,,,,
IT1:22_289_DF_DCIS_POPRES1_1(1.0),A,ITE16,JAN,1,TOTAL,1,2021,70132,,,FILTER__ITE1,,,,,,,
IT1:22_289_DF_DCIS_POPRES1_1(1.0),A,ITE16,JAN,1,TOTAL,1,2022,70275,,,FILTER__ITE1,,,,,,,
IT1:22_289_DF_DCIS_POPRES1_1(1.0),A,ITE16,JAN,1,TOTAL,1,2023,71027,,,FILTER__ITE1,,,,,,,
IT1:22_289_DF_DCIS_POPRES1_1(1.0),A,ITE16,JAN,1,TOTAL,1,2024,71618,,,FILTER__ITE1,,,,,,,
IT1:22_289_DF_DCIS_POPRES1_1(1.0),A,ITE16,JAN,1,TOTAL,1,2025,72123,,,FILTER__ITE1,,,,,,,
IT1:22_289_DF_DCIS_POPRES1_1(1.0),A,ITE17,JAN,1,TOTAL,1,2019,92880,,,FILTER__ITE1,,,,,,,
IT1:22_289_DF_DCIS_POPRES1_1(1.0),A,ITE17,JAN,1,TOTAL,1,2020,93509,,,FILTER__ITE1,,,,,,,
IT1:22_289_DF_DCIS_POPRES1_1(1.0),A,ITE17,JAN,1,TOTAL,1,2021,94761,,,FILTER__ITE1,,,,,,,
IT1:22_289_DF_DCIS_POPRES1_1(1.0),A,ITE17,JAN,1,TOTAL,1,2022,95200,,,FILTER__ITE1,,,,,,,
IT1:22_289_DF_DCIS_POPRES1_1(1.0),A,ITE17,JAN,1,TOTAL,1,2023,96132,,,FILTER__ITE1,,,,,,,
IT1:22_289_DF_DCIS_POPRES1_1(1.0),A,ITE17,JAN,1,TOTAL,1,2024,97172,,,FILTER__ITE1,,,,,,,
IT1:22_289_DF_DCIS_POPRES1_1(1.0),A,ITE17,JAN,1,TOTAL,1,2025,98383,,,FILTER__ITE1,,,,,,,
IT1:22_289_DF_DCIS_POPRES1_1(1.0),A,ITE18,JAN,1,TOTAL,1,2019,73723,,,FILTER__ITE1,,,,,,,
IT1:22_289_DF_DCIS_POPRES1_1(1.0),A,ITE18,JAN,1,TOTAL,1,2020,74059,,,FILTER__ITE1,,,,,,,
IT1:22_289_DF_DCIS_POPRES1_1(1.0),A,ITE18,JAN,1,TOTAL,1,2021,74476,,,FILTER__ITE1,,,,,,,
IT1:22_289_DF_DCIS_POPRES1_1(1.0),A,ITE18,JAN,1,TOTAL,1,2022,74834,,,FILTER__ITE1,,,,,,,
IT1:22_289_DF_DCIS_POPRES1_1(1.0),A,ITE18,JAN,1,TOTAL,1,2023,75573,,,FILTER__ITE1,,,,,,,
IT1:22_289_DF_DCIS_POPRES1_1(1.0),A,ITE18,JAN,1,TOTAL,1,2024,76066,,,FILTER__ITE1,,,,,,,
IT1:22_289_DF_DCIS_POPRES1_1(1.0),A,ITE18,JAN,1,TOTAL,1,2025,76981,,,FILTER__ITE1,,,,,,,
IT1:22_289_DF_DCIS_POPRES1_1(1.0),A,ITE19,JAN,1,TOTAL,1,2019,58346,,,FILTER__ITE1,,,,,,,
IT1:22_289_DF_DCIS_POPRES1_1(1.0),A,ITE19,JAN,1,TOTAL,1,2020,58583,,,FILTER__ITE1,,,,,,,
IT1:22_289_DF_DCIS_POPRES1_1(1.0),A,ITE19,JAN,1,TOTAL,1,2021,59111,,,FILTER__ITE1,,,,,,,
IT1:22_289_DF_DCIS_POPRES1_1(1.0),A,ITE19,JAN,1,TOTAL,1,2022,59036,,,FILTER__ITE1,,,,,,,
IT1:22_289_DF_DCIS_POPRES1_1(1.0),A,ITE19,JAN,1,TOTAL,1,2023,59747,,,FILTER__ITE1,,,,,,,
IT1:22_289_DF_DCIS_POPRES1_1(1.0),A,ITE19,JAN,1,TOTAL,1,2024,60407,,,FILTER__ITE1,,,,,,,
IT1:22_289_DF_DCIS_POPRES1_1(1.0),A,ITE19,JAN,1,TOTAL,1,2025,60877,,,FILTER__ITE1,,,,,,,
IT1:22_289_DF_DCIS_POPRES1_1(1.0),A,ITE1A,JAN,1,TOTAL,1,2019,47311,,,FILTER__ITE1,,,,,,,
IT1:22_289_DF_DCIS_POPRES1_1(1.0),A,ITE1A,JAN,1,TOTAL,1,2020,47719,,,FILTER__ITE1,,,,,,,
IT1:22_289_DF_DCIS_POPRES1_1(1.0),A,ITE1A,JAN,1,TOTAL,1,2021,47958,,,FILTER__ITE1,,,,,,,
IT1:22_289_DF_DCIS_POPRES1_1(1.0),A,ITE1A,JAN,1,TOTAL,1,2022,48135,,,FILTER__ITE1,,,,,,,
IT1:22_289_DF_DCIS_POPRES1_1(1.0),A,ITE1A,JAN,1,TOTAL,1,2023,48357,,,FILTER__ITE1,,,,,,,
IT1:22_289_DF_DCIS_POPRES1_1(1.0),A,ITE1A,JAN,1,TOTAL,1,2024,48514,,,FILTER__ITE1,,,,,,,
IT1:22_289_DF_DCIS_POPRES1_1(1.0),A,ITE1A,JAN,1,TOTAL,1,2025,48853,,,FILTER__ITE1,,,,,,,
IT1:22_289_DF_DCIS_POPRES1_1(1.0),A,ITE2,JAN,1,TOTAL,1,2019,189177,,,FILTER__ITE2,,,,,,,
IT1:22_289_DF_DCIS_POPRES1_1(1.0),A,ITE2,JAN,1,TOTAL,1,2020,189643,,,FILTER__ITE2,,,,,,,
IT1:22_289_DF_DCIS_POPRES1_1(1.0),A,ITE2,JAN,1,TOTAL,1,2021,190588,,,FILTER__ITE2,,,,,,,
IT1:22_289_DF_DCIS_POPRES1_1(1.0),A,ITE2,JAN,1,TOTAL,1,2022,191033,,,FILTER__ITE2,,,,,,,
IT1:22_289_DF_DCIS_POPRES1_1(1.0),A,ITE2,JAN,1,TOTAL,1,2023,192618,,,FILTER__ITE2,,,,,,,
IT1:22_289_DF_DCIS_POPRES1_1(1.0),A,ITE2,JAN,1,TOTAL,1,2024,193507,,,FILTER__ITE2,,,,,,,
IT1:22_289_DF_DCIS_POPRES1_1(1.0),A,ITE2,JAN,1,TOTAL,1,2025,195164,,,FILTER__ITE2,,,,,,,
IT1:22_289_DF_DCIS_POPRES1_1(1.0),A,ITE21,JAN,1,TOTAL,1,2019,142638,,,FILTER__ITE2,,,,,,,
IT1:22_289_DF_DCIS_POPRES1_1(1.0),A,ITE21,JAN,1,TOTAL,1,2020,142944,,,FILTER__ITE2,,,,,,,
IT1:22_289_DF_DCIS_POPRES1_1(1.0),A,ITE21,JAN,1,TOTAL,1,2021,144182,,,FILTER__ITE2,,,,,,,
IT1:22_289_DF_DCIS_POPRES1_1(1.0),A,ITE21,JAN,1,TOTAL,1,2022,144377,,,FILTER__ITE2,,,,,,,
IT1:22_289_DF_DCIS_POPRES1_1(1.0),A,ITE21,JAN,1,TOTAL,1,2023,145547,,,FILTER__ITE2,,,,,,,
IT1:22_289_DF_DCIS_POPRES1_1(1.0),A,ITE21,JAN,1,TOTAL,1,2024,146258,,,FILTER__ITE2,,,,,,,
IT1:22_289_DF_DCIS_POPRES1_1(1.0),A,ITE21,JAN,1,TOTAL,1,2025,147494,,,FILTER__ITE2,,,,,,,
IT1:22_289_DF_DCIS_POPRES1_1(1.0),A,ITE22,JAN,1,TOTAL,1,2019,46539,,,FILTER__ITE2,,,,,,,
IT1:22_289_DF_DCIS_POPRES1_1(1.0),A,ITE22,JAN,1,TOTAL,1,2020,46699,,,FILTER__ITE2,,,,,,,
IT1:22_289_DF_DCIS_POPRES1_1(1.0),A,ITE22,JAN,1,TOTAL,1,2021,46406,,,FILTER__ITE2,,,,,,,
IT1:22_289_DF_DCIS_POPRES1_1(1.0),A,ITE22,JAN,1,TOTAL,1,2022,46656,,,FILTER__ITE2,,,,,,,
IT1:22_289_DF_DCIS_POPRES1_1(1.0),A,ITE22,JAN,1,TOTAL,1,2023,47071,,,FILTER__ITE2,,,,,,,
IT1:22_289_DF_DCIS_POPRES1_1(1.0),A,ITE22,JAN,1,TOTAL,1,2024,47249,,,FILTER__ITE2,,,,,,,
IT1:22_289_DF_DCIS_POPRES1_1(1.0),A,ITE22,JAN,1,TOTAL,1,2025,47670,,,FILTER__ITE2,,,,,,,
IT1:22_289_DF_DCIS_POPRES1_1(1.0),A,ITE3,JAN,1,TOTAL,1,2019,341012,,,FILTER__ITE3,,,,,,,
IT1:22_289_DF_DCIS_POPRES1_1(1.0),A,ITE3,JAN,1,TOTAL,1,2020,341798,,,FILTER__ITE3,,,,,,,
IT1:22_289_DF_DCIS_POPRES1_1(1.0),A,ITE3,JAN,1,TOTAL,1,2021,342405,,,FILTER__ITE3,,,,,,,
IT1:22_289_DF_DCIS_POPRES1_1(1.0),A,ITE3,JAN,1,TOTAL,1,2022,342715,,,FILTER__ITE3,,,,,,,
IT1:22_289_DF_DCIS_POPRES1_1(1.0),A,ITE3,JAN,1,TOTAL,1,2023,345581,,,FILTER__ITE3,,,,,,,
IT1:22_289_DF_DCIS_POPRES1_1(1.0),A,ITE3,JAN,1,TOTAL,1,2024,348615,,,FILTER__ITE3,,,,,,,
IT1:22_289_DF_DCIS_POPRES1_1(1.0),A,ITE3,JAN,1,TOTAL,1,2025,351098,,,FILTER__ITE3,,,,,,,
IT1:22_289_DF_DCIS_POPRES1_1(1.0),A,ITE31,JAN,1,TOTAL,1,2019,81654,,,FILTER__ITE3,,,,,,,
IT1:22_289_DF_DCIS_POPRES1_1(1.0),A,ITE31,JAN,1,TOTAL,1,2020,81757,,,FILTER__ITE3,,,,,,,
IT1:22_289_DF_DCIS_POPRES1_1(1.0),A,ITE31,JAN,1,TOTAL,1,2021,82079,,,FILTER__ITE3,,,,,,,
IT1:22_289_DF_DCIS_POPRES1_1(1.0),A,ITE31,JAN,1,TOTAL,1,2022,81890,,,FILTER__ITE3,,,,,,,
IT1:22_289_DF_DCIS_POPRES1_1(1.0),A,ITE31,JAN,1,TOTAL,1,2023,82751,,,FILTER__ITE3,,,,,,,
IT1:22_289_DF_DCIS_POPRES1_1(1.0),A,ITE31,JAN,1,TOTAL,1,2024,83699,,,FILTER__ITE3,,,,,,,
IT1:22_289_DF_DCIS_POPRES1_1(1.0),A,ITE31,JAN,1,TOTAL,1,2025,84119,,,FILTER__ITE3,,,,,,,
IT1:22_289_DF_DCIS_POPRES1_1(1.0),A,ITE32,JAN,1,TOTAL,1,2019,105314,,,FILTER__ITE3,,,,,,,
IT1:22_289_DF_DCIS_POPRES1_1(1.0),A,ITE32,JAN,1,TOTAL,1,2020,105813,,,FILTER__ITE3,,,,,,,
IT1:22_289_DF_DCIS_POPRES1_1(1.0),A,ITE32,JAN,1,TOTAL,1,2021,106441,,,FILTER__ITE3,,,,,,,
IT1:22_289_DF_DCIS_POPRES1_1(1.0),A,ITE32,JAN,1,TOTAL,1,2022,106932,,,FILTER__ITE3,,,,,,,
IT1:22_289_DF_DCIS_POPRES1_1(1.0),A,ITE32,JAN,1,TOTAL,1,2023,107943,,,FILTER__ITE3,,,,,,,
IT1:22_289_DF_DCIS_POPRES1_1(1.0),A,ITE32,JAN,1,TOTAL,1,2024,109232,,,FILTER__ITE3,,,,,,,
IT1:22_289_DF_DCIS_POPRES1_1(1.0),A,ITE32,JAN,1,TOTAL,1,2025,110419,,,FILTER__ITE3,,,,,,,
IT1:22_289_DF_DCIS_POPRES1_1(1.0),A,ITE33,JAN,1,TOTAL,1,2019,69954,,,FILTER__ITE3,,,,,,,
IT1:22_289_DF_DCIS_POPRES1_1(1.0),A,ITE33,JAN,1,TOTAL,1,2020,69973,,,FILTER__ITE3,,,,,,,
IT1:22_289_DF_DCIS_POPRES1_1(1.0),A,ITE33,JAN,1,TOTAL,1,2021,69946,,,FILTER__ITE3,,,,,,,
IT1:22_289_DF_DCIS_POPRES1_1(1.0),A,ITE33,JAN,1,TOTAL,1,2022,69771,,,FILTER__ITE3,,,,,,,
IT1:22_289_DF_DCIS_POPRES1_1(1.0),A,ITE33,JAN,1,TOTAL,1,2023,70328,,,FILTER__ITE3,,,,,,,
IT1:22_289_DF_DCIS_POPRES1_1(1.0),A,ITE33,JAN,1,TOTAL,1,2024,70647,,,FILTER__ITE3,,,,,,,
IT1:22_289_DF_DCIS_POPRES1_1(1.0),A,ITE33,JAN,1,TOTAL,1,2025,70914,,,FILTER__ITE3,,,,,,,
IT1:22_289_DF_DCIS_POPRES1_1(1.0),A,ITE34,JAN,1,TOTAL,1,2019,45703,,,FILTER__ITE3,,,,,,,
IT1:22_289_DF_DCIS_POPRES1_1(1.0),A,ITE34,JAN,1,TOTAL,1,2020,45818,,,FILTER__ITE3,,,,,,,
IT1:22_289_DF_DCIS_POPRES1_1(1.0),A,ITE34,JAN,1,TOTAL,1,2021,45622,,,FILTER__ITE3,,,,,,,
IT1:22_289_DF_DCIS_POPRES1_1(1.0),A,ITE34,JAN,1,TOTAL,1,2022,45717,,,FILTER__ITE3,,,,,,,
IT1:22_289_DF_DCIS_POPRES1_1(1.0),A,ITE34,JAN,1,TOTAL,1,2023,45790,,,FILTER__ITE3,,,,,,,
IT1:22_289_DF_DCIS_POPRES1_1(1.0),A,ITE34,JAN,1,TOTAL,1,2024,46060,,,FILTER__ITE3,,,,,,,
IT1:22_289_DF_DCIS_POPRES1_1(1.0),A,ITE34,JAN,1,TOTAL,1,2025,46388,,,FILTER__ITE3,,,,,,,
IT1:22_289_DF_DCIS_POPRES1_1(1.0),A,ITE4,JAN,1,TOTAL,1,2019,1328701,,,FILTER__ITE4,,,,,,,
IT1:22_289_DF_DCIS_POPRES1_1(1.0),A,ITE4,JAN,1,TOTAL,1,2020,1332902,,,FILTER__ITE4,,,,,,,
IT1:22_289_DF_DCIS_POPRES1_1(1.0),A,ITE4,JAN,1,TOTAL,1,2021,1333032,,,FILTER__ITE4,,,,,,,
IT1:22_289_DF_DCIS_POPRES1_1(1.0),A,ITE4,JAN,1,TOTAL,1,2022,1346374,,,FILTER__ITE4,,,,,,,
IT1:22_289_DF_DCIS_POPRES1_1(1.0),A,ITE4,JAN,1,TOTAL,1,2023,1362061,,,FILTER__ITE4,,,,,,,
IT1:22_289_DF_DCIS_POPRES1_1(1.0),A,ITE4,JAN,1,TOTAL,1,2024,1370947,,,FILTER__ITE4,,,,,,,
IT1:22_289_DF_DCIS_POPRES1_1(1.0),A,ITE4,JAN,1,TOTAL,1,2025,1380491,,,FILTER__ITE4,,,,,,,
IT1:22_289_DF_DCIS_POPRES1_1(1.0),A,ITE41,JAN,1,TOTAL,1,2019,69010,,,FILTER__ITE4,,,,,,,
IT1:22_289_DF_DCIS_POPRES1_1(1.0),A,ITE41,JAN,1,TOTAL,1,2020,68991,,,FILTER__ITE4,,,,,,,
IT1:22_289_DF_DCIS_POPRES1_1(1.0),A,ITE41,JAN,1,TOTAL,1,2021,68890,,,FILTER__ITE4,,,,,,,
IT1:22_289_DF_DCIS_POPRES1_1(1.0),A,ITE41,JAN,1,TOTAL,1,2022,69631,,,FILTER__ITE4,,,,,,,
IT1:22_289_DF_DCIS_POPRES1_1(1.0),A,ITE41,JAN,1,TOTAL,1,2023,70239,,,FILTER__ITE4,,,,,,,
IT1:22_289_DF_DCIS_POPRES1_1(1.0),A,ITE41,JAN,1,TOTAL,1,2024,70881,,,FILTER__ITE4,,,,,,,
IT1:22_289_DF_DCIS_POPRES1_1(1.0),A,ITE41,JAN,1,TOTAL,1,2025,71653,,,FILTER__ITE4,,,,,,,
IT1:22_289_DF_DCIS_POPRES1_1(1.0),A,ITE42,JAN,1,TOTAL,1,2019,34377,,,FILTER__ITE4,,,,,,,
IT1:22_289_DF_DCIS_POPRES1_1(1.0),A,ITE42,JAN,1,TOTAL,1,2020,34428,,,FILTER__ITE4,,,,,,,
IT1:22_289_DF_DCIS_POPRES1_1(1.0),A,ITE42,JAN,1,TOTAL,1,2021,34574,,,FILTER__ITE4,,,,,,,
IT1:22_289_DF_DCIS_POPRES1_1(1.0),A,ITE42,JAN,1,TOTAL,1,2022,35226,,,FILTER__ITE4,,,,,,,
IT1:22_289_DF_DCIS_POPRES1_1(1.0),A,ITE42,JAN,1,TOTAL,1,2023,35473,,,FILTER__ITE4,,,,,,,
IT1:22_289_DF_DCIS_POPRES1_1(1.0),A,ITE42,JAN,1,TOTAL,1,2024,35667,,,FILTER__ITE4,,,,,,,
IT1:22_289_DF_DCIS_POPRES1_1(1.0),A,ITE42,JAN,1,TOTAL,1,2025,35952,,,FILTER__ITE4,,,,,,,
IT1:22_289_DF_DCIS_POPRES1_1(1.0),A,ITE43,JAN,1,TOTAL,1,2019,990549,,,FILTER__ITE4,,,,,,,
IT1:22_289_DF_DCIS_POPRES1_1(1.0),A,ITE43,JAN,1,TOTAL,1,2020,994765,,,FILTER__ITE4,,,,,,,
IT1:22_289_DF_DCIS_POPRES1_1(1.0),A,ITE43,JAN,1,TOTAL,1,2021,994234,,,FILTER__ITE4,,,,,,,
IT1:22_289_DF_DCIS_POPRES1_1(1.0),A,ITE43,JAN,1,TOTAL,1,2022,1004319,,,FILTER__ITE4,,,,,,,
IT1:22_289_DF_DCIS_POPRES1_1(1.0),A,ITE43,JAN,1,TOTAL,1,2023,1018308,,,FILTER__ITE4,,,,,,,
IT1:22_289_DF_DCIS_POPRES1_1(1.0),A,ITE43,JAN,1,TOTAL,1,2024,1025587,,,FILTER__ITE4,,,,,,,
IT1:22_289_DF_DCIS_POPRES1_1(1.0),A,ITE43,JAN,1,TOTAL,1,2025,1032622,,,FILTER__ITE4,,,,,,,
IT1:22_289_DF_DCIS_POPRES1_1(1.0),A,ITE44,JAN,1,TOTAL,1,2019,128573,,,FILTER__ITE4,,,,,,,
IT1:22_289_DF_DCIS_POPRES1_1(1.0),A,ITE44,JAN,1,TOTAL,1,2020,129076,,,FILTER__ITE4,,,,,,,
IT1:22_289_DF_DCIS_POPRES1_1(1.0),A,ITE44,JAN,1,TOTAL,1,2021,130696,,,FILTER__ITE4,,,,,,,
IT1:22_289_DF_DCIS_POPRES1_1(1.0),A,ITE44,JAN,1,TOTAL,1,2022,132192,,,FILTER__ITE4,,,,,,,
IT1:22_289_DF_DCIS_POPRES1_1(1.0),A,ITE44,JAN,1,TOTAL,1,2023,133040,,,FILTER__ITE4,,,,,,,
IT1:22_289_DF_DCIS_POPRES1_1(1.0),A,ITE44,JAN,1,TOTAL,1,2024,133893,,,FILTER__ITE4,,,,,,,
IT1:22_289_DF_DCIS_POPRES1_1(1.0),A,ITE44,JAN,1,TOTAL,1,2025,134959,,,FILTER__ITE4,,,,,,,
IT1:22_289_DF_DCIS_POPRES1_1(1.0),A,ITE45,JAN,1,TOTAL,1,2019,106192,,,FILTER__ITE4,,,,,,,
IT1:22_289_DF_DCIS_POPRES1_1(1.0),A,ITE45,JAN,1,TOTAL,1,2020,105642,,,FILTER__ITE4,,,,,,,
IT1:22_289_DF_DCIS_POPRES1_1(1.0),A,ITE45,JAN,1,TOTAL,1,2021,104638,,,FILTER__ITE4,,,,,,,
IT1:22_289_DF_DCIS_POPRES1_1(1.0),A,ITE45,JAN,1,TOTAL,1,2022,105006,,,FILTER__ITE4,,,,,,,
IT1:22_289_DF_DCIS_POPRES1_1(1.0),A,ITE45,JAN,1,TOTAL,1,2023,105001,,,FILTER__ITE4,,,,,,,
IT1:22_289_DF_DCIS_POPRES1_1(1.0),A,ITE45,JAN,1,TOTAL,1,2024,104919,,,FILTER__ITE4,,,,,,,
IT1:22_289_DF_DCIS_POPRES1_1(1.0),A,ITE45,JAN,1,TOTAL,1,2025,105305,,,FILTER__ITE4,,,,,,,
IT1:22_289_DF_DCIS_POPRES1_1(1.0),A,ITF,JAN,1,TOTAL,1,2019,3099477,,,,,,,,,,
IT1:22_289_DF_DCIS_POPRES1_1(1.0),A,ITF,JAN,1,TOTAL,1,2020,3081582,,,,,,,,,,
IT1:22_289_DF_DCIS_POPRES1_1(1.0),A,ITF,JAN,1,TOTAL,1,2021,3046619,,,,,,,,,,
IT1:22_289_DF_DCIS_POPRES1_1(1.0),A,ITF,JAN,1,TOTAL,1,2022,3056945,,,,,,,,,,
IT1:22_289_DF_DCIS_POPRES1_1(1.0),A,ITF,JAN,1,TOTAL,1,2023,3063255,,,,,,,,,,
IT1:22_289_DF_DCIS_POPRES1_1(1.0),A,ITF,JAN,1,TOTAL,1,2024,3068136,,,,,,,,,,
IT1:22_289_DF_DCIS_POPRES1_1(1.0),A,ITF,JAN,1,TOTAL,1,2025,3081451,,,,,,,,,,
IT1:22_289_DF_DCIS_POPRES1_1(1.0),A,ITF1,JAN,1,TOTAL,1,2019,288614,,,FILTER__ITF1,,,,,,,
IT1:22_289_DF_DCIS_POPRES1_1(1.0),A,ITF1,JAN,1,TOTAL,1,2020,287979,,,FILTER__ITF1,,,,,,,
IT1:22_289_DF_DCIS_POPRES1_1(1.0),A,ITF1,JAN,1,TOTAL,1,2021,286955,,,FILTER__ITF1,,,,,,,
IT1:22_289_DF_DCIS_POPRES1_1(1.0),A,ITF1,JAN,1,TOTAL,1,2022,288363,,,FILTER__ITF1,,,,,,,
IT1:22_289_DF_DCIS_POPRES1_1(1.0),A,ITF1,JAN,1,TOTAL,1,2023,290183,,,FILTER__ITF1,,,,,,,
IT1:22_289_DF_DCIS_POPRES1_1(1.0),A,ITF1,JAN,1,TOTAL,1,2024,291881,,,FILTER__ITF1,,,,,,,
IT1:22_289_DF_DCIS_POPRES1_1(1.0),A,ITF1,JAN,1,TOTAL,1,2025,295131,,,FILTER__ITF1,,,,,,,
IT1:22_289_DF_DCIS_POPRES1_1(1.0),A,ITF11,JAN,1,TOTAL,1,2019,67471,,,FILTER__ITF1,,,,,,,
IT1:22_289_DF_DCIS_POPRES1_1(1.0),A,ITF11,JAN,1,TOTAL,1,2020,66875,,,FILTER__ITF1,,,,,,,
IT1:22_289_DF_DCIS_POPRES1_1(1.0),A,ITF11,JAN,1,TOTAL,1,2021,66521,,,FILTER__ITF1,,,,,,,
IT1:22_289_DF_DCIS_POPRES1_1(1.0),A,ITF11,JAN,1,TOTAL,1,2022,66626,,,FILTER__ITF1,,,,,,,
IT1:22_289_DF_DCIS_POPRES1_1(1.0),A,ITF11,JAN,1,TOTAL,1,2023,66721,,,FILTER__ITF1,,,,,,,
IT1:22_289_DF_DCIS_POPRES1_1(1.0),A,ITF11,JAN,1,TOTAL,1,2024,67105,,,FILTER__ITF1,,,,,,,
IT1:22_289_DF_DCIS_POPRES1_1(1.0),A,ITF11,JAN,1,TOTAL,1,2025,67847,,,FILTER__ITF1,,,,,,,
IT1:22_289_DF_DCIS_POPRES1_1(1.0),A,ITF12,JAN,1,TOTAL,1,2019,68475,,,FILTER__ITF1,,,,,,,
IT1:22_289_DF_DCIS_POPRES1_1(1.0),A,ITF12,JAN,1,TOTAL,1,2020,68437,,,FILTER__ITF1,,,,,,,
IT1:22_289_DF_DCIS_POPRES1_1(1.0),A,ITF12,JAN,1,TOTAL,1,2021,68160,,,FILTER__ITF1,,,,,,,
IT1:22_289_DF_DCIS_POPRES1_1(1.0),A,ITF12,JAN,1,TOTAL,1,2022,68265,,,FILTER__ITF1,,,,,,,
IT1:22_289_DF_DCIS_POPRES1_1(1.0),A,ITF12,JAN,1,TOTAL,1,2023,68837,,,FILTER__ITF1,,,,,,,
IT1:22_289_DF_DCIS_POPRES1_1(1.0),A,ITF12,JAN,1,TOTAL,1,2024,69489,,,FILTER__ITF1,,,,,,,
IT1:22_289_DF_DCIS_POPRES1_1(1.0),A,ITF12,JAN,1,TOTAL,1,2025,70765,,,FILTER__ITF1,,,,,,,
IT1:22_289_DF_DCIS_POPRES1_1(1.0),A,ITF13,JAN,1,TOTAL,1,2019,70369,,,FILTER__ITF1,,,,,,,
IT1:22_289_DF_DCIS_POPRES1_1(1.0),A,ITF13,JAN,1,TOTAL,1,2020,70528,,,FILTER__ITF1,,,,,,,
IT1:22_289_DF_DCIS_POPRES1_1(1.0),A,ITF13,JAN,1,TOTAL,1,2021,70554,,,FILTER__ITF1,,,,,,,
IT1:22_289_DF_DCIS_POPRES1_1(1.0),A,ITF13,JAN,1,TOTAL,1,2022,71369,,,FILTER__ITF1,,,,,,,
IT1:22_289_DF_DCIS_POPRES1_1(1.0),A,ITF13,JAN,1,TOTAL,1,2023,71917,,,FILTER__ITF1,,,,,,,
IT1:22_289_DF_DCIS_POPRES1_1(1.0),A,ITF13,JAN,1,TOTAL,1,2024,72100,,,FILTER__ITF1,,,,,,,
IT1:22_289_DF_DCIS_POPRES1_1(1.0),A,ITF13,JAN,1,TOTAL,1,2025,72685,,,FILTER__ITF1,,,,,,,
IT1:22_289_DF_DCIS_POPRES1_1(1.0),A,ITF14,JAN,1,TOTAL,1,2019,82299,,,FILTER__ITF1,,,,,,,
IT1:22_289_DF_DCIS_POPRES1_1(1.0),A,ITF14,JAN,1,TOTAL,1,2020,82139,,,FILTER__ITF1,,,,,,,
IT1:22_289_DF_DCIS_POPRES1_1(1.0),A,ITF14,JAN,1,TOTAL,1,2021,81720,,,FILTER__ITF1,,,,,,,
IT1:22_289_DF_DCIS_POPRES1_1(1.0),A,ITF14,JAN,1,TOTAL,1,2022,82103,,,FILTER__ITF1,,,,,,,
IT1:22_289_DF_DCIS_POPRES1_1(1.0),A,ITF14,JAN,1,TOTAL,1,2023,82708,,,FILTER__ITF1,,,,,,,
IT1:22_289_DF_DCIS_POPRES1_1(1.0),A,ITF14,JAN,1,TOTAL,1,2024,83187,,,FILTER__ITF1,,,,,,,
IT1:22_289_DF_DCIS_POPRES1_1(1.0),A,ITF14,JAN,1,TOTAL,1,2025,83834,,,FILTER__ITF1,,,,,,,
IT1:22_289_DF_DCIS_POPRES1_1(1.0),A,ITF2,JAN,1,TOTAL,1,2019,67863,,,FILTER__ITF2,,,,,,,
IT1:22_289_DF_DCIS_POPRES1_1(1.0),A,ITF2,JAN,1,TOTAL,1,2020,66962,,,FILTER__ITF2,,,,,,,
IT1:22_289_DF_DCIS_POPRES1_1(1.0),A,ITF2,JAN,1,TOTAL,1,2021,65743,,,FILTER__ITF2,,,,,,,
IT1:22_289_DF_DCIS_POPRES1_1(1.0),A,ITF2,JAN,1,TOTAL,1,2022,65801,,,FILTER__ITF2,,,,,,,
IT1:22_289_DF_DCIS_POPRES1_1(1.0),A,ITF2,JAN,1,TOTAL,1,2023,66234,,,FILTER__ITF2,,,,,,,
IT1:22_289_DF_DCIS_POPRES1_1(1.0),A,ITF2,JAN,1,TOTAL,1,2024,66701,,,FILTER__ITF2,,,,,,,
IT1:22_289_DF_DCIS_POPRES1_1(1.0),A,ITF2,JAN,1,TOTAL,1,2025,67118,,,FILTER__ITF2,,,,,,,
IT1:22_289_DF_DCIS_POPRES1_1(1.0),A,ITF21,JAN,1,TOTAL,1,2019,18939,,,FILTER__ITF2,,,,,,,
IT1:22_289_DF_DCIS_POPRES1_1(1.0),A,ITF21,JAN,1,TOTAL,1,2020,18651,,,FILTER__ITF2,,,,,,,
IT1:22_289_DF_DCIS_POPRES1_1(1.0),A,ITF21,JAN,1,TOTAL,1,2021,18349,,,FILTER__ITF2,,,,,,,
IT1:22_289_DF_DCIS_POPRES1_1(1.0),A,ITF21,JAN,1,TOTAL,1,2022,18146,,,FILTER__ITF2,,,,,,,
IT1:22_289_DF_DCIS_POPRES1_1(1.0),A,ITF21,JAN,1,TOTAL,1,2023,18256,,,FILTER__ITF2,,,,,,,
IT1:22_289_DF_DCIS_POPRES1_1(1.0),A,ITF21,JAN,1,TOTAL,1,2024,18287,,,FILTER__ITF2,,,,,,,
IT1:22_289_DF_DCIS_POPRES1_1(1.0),A,ITF21,JAN,1,TOTAL,1,2025,18348,,,FILTER__ITF2,,,,,,,
IT1:22_289_DF_DCIS_POPRES1_1(1.0),A,ITF22,JAN,1,TOTAL,1,2019,48924,,,FILTER__ITF2,,,,,,,
IT1:22_289_DF_DCIS_POPRES1_1(1.0),A,ITF22,JAN,1,TOTAL,1,2020,48311,,,FILTER__ITF2,,,,,,,
IT1:22_289_DF_DCIS_POPRES1_1(1.0),A,ITF22,JAN,1,TOTAL,1,2021,47394,,,FILTER__ITF2,,,,,,,
IT1:22_289_DF_DCIS_POPRES1_1(1.0),A,ITF22,JAN,1,TOTAL,1,2022,47655,,,FILTER__ITF2,,,,,,,
IT1:22_289_DF_DCIS_POPRES1_1(1.0),A,ITF22,JAN,1,TOTAL,1,2023,47978,,,FILTER__ITF2,,,,,,,
IT1:22_289_DF_DCIS_POPRES1_1(1.0),A,ITF22,JAN,1,TOTAL,1,2024,48414,,,FILTER__ITF2,,,,,,,
IT1:22_289_DF_DCIS_POPRES1_1(1.0),A,ITF22,JAN,1,TOTAL,1,2025,48770,,,FILTER__ITF2,,,,,,,
IT1:22_289_DF_DCIS_POPRES1_1(1.0),A,ITF3,JAN,1,TOTAL,1,2019,1315105,,,FILTER__ITF3,,,,,,,
IT1:22_289_DF_DCIS_POPRES1_1(1.0),A,ITF3,JAN,1,TOTAL,1,2020,1309173,,,FILTER__ITF3,,,,,,,
IT1:22_289_DF_DCIS_POPRES1_1(1.0),A,ITF3,JAN,1,TOTAL,1,2021,1290489,,,FILTER__ITF3,,,,,,,
IT1:22_289_DF_DCIS_POPRES1_1(1.0),A,ITF3,JAN,1,TOTAL,1,2022,1295682,,,FILTER__ITF3,,,,,,,
IT1:22_289_DF_DCIS_POPRES1_1(1.0),A,ITF3,JAN,1,TOTAL,1,2023,1298982,,,FILTER__ITF3,,,,,,,
IT1:22_289_DF_DCIS_POPRES1_1(1.0),A,ITF3,JAN,1,TOTAL,1,2024,1301575,,,FILTER__ITF3,,,,,,,
IT1:22_289_DF_DCIS_POPRES1_1(1.0),A,ITF3,JAN,1,TOTAL,1,2025,1305709,,,FILTER__ITF3,,,,,,,
IT1:22_289_DF_DCIS_POPRES1_1(1.0),A,ITF31,JAN,1,TOTAL,1,2019,210143,,,FILTER__ITF3,,,,,,,
IT1:22_289_DF_DCIS_POPRES1_1(1.0),A,ITF31,JAN,1,TOTAL,1,2020,209648,,,FILTER__ITF3,,,,,,,
IT1:22_289_DF_DCIS_POPRES1_1(1.0),A,ITF31,JAN,1,TOTAL,1,2021,207481,,,FILTER__ITF3,,,,,,,
IT1:22_289_DF_DCIS_POPRES1_1(1.0),A,ITF31,JAN,1,TOTAL,1,2022,208308,,,FILTER__ITF3,,,,,,,
IT1:22_289_DF_DCIS_POPRES1_1(1.0),A,ITF31,JAN,1,TOTAL,1,2023,209658,,,FILTER__ITF3,,,,,,,
IT1:22_289_DF_DCIS_POPRES1_1(1.0),A,ITF31,JAN,1,TOTAL,1,2024,210555,,,FILTER__ITF3,,,,,,,
IT1:22_289_DF_DCIS_POPRES1_1(1.0),A,ITF31,JAN,1,TOTAL,1,2025,212421,,,FILTER__ITF3,,,,,,,
IT1:22_289_DF_DCIS_POPRES1_1(1.0),A,ITF32,JAN,1,TOTAL,1,2019,61813,,,FILTER__ITF3,,,,,,,
IT1:22_289_DF_DCIS_POPRES1_1(1.0),A,ITF32,JAN,1,TOTAL,1,2020,60942,,,FILTER__ITF3,,,,,,,
IT1:22_289_DF_DCIS_POPRES1_1(1.0),A,ITF32,JAN,1,TOTAL,1,2021,59490,,,FILTER__ITF3,,,,,,,
IT1:22_289_DF_DCIS_POPRES1_1(1.0),A,ITF32,JAN,1,TOTAL,1,2022,59190,,,FILTER__ITF3,,,,,,,
IT1:22_289_DF_DCIS_POPRES1_1(1.0),A,ITF32,JAN,1,TOTAL,1,2023,59078,,,FILTER__ITF3,,,,,,,
IT1:22_289_DF_DCIS_POPRES1_1(1.0),A,ITF32,JAN,1,TOTAL,1,2024,59219,,,FILTER__ITF3,,,,,,,
IT1:22_289_DF_DCIS_POPRES1_1(1.0),A,ITF32,JAN,1,TOTAL,1,2025,59336,,,FILTER__ITF3,,,,,,,
IT1:22_289_DF_DCIS_POPRES1_1(1.0),A,ITF33,JAN,1,TOTAL,1,2019,703577,,,FILTER__ITF3,,,,,,,
IT1:22_289_DF_DCIS_POPRES1_1(1.0),A,ITF33,JAN,1,TOTAL,1,2020,700898,,,FILTER__ITF3,,,,,,,
IT1:22_289_DF_DCIS_POPRES1_1(1.0),A,ITF33,JAN,1,TOTAL,1,2021,691075,,,FILTER__ITF3,,,,,,,
IT1:22_289_DF_DCIS_POPRES1_1(1.0),A,ITF33,JAN,1,TOTAL,1,2022,694267,,,FILTER__ITF3,,,,,,,
IT1:22_289_DF_DCIS_POPRES1_1(1.0),A,ITF33,JAN,1,TOTAL,1,2023,695794,,,FILTER__ITF3,,,,,,,
IT1:22_289_DF_DCIS_POPRES1_1(1.0),A,ITF33,JAN,1,TOTAL,1,2024,696462,,,FILTER__ITF3,,,,,,,
IT1:22_289_DF_DCIS_POPRES1_1(1.0),A,ITF33,JAN,1,TOTAL,1,2025,697272,,,FILTER__ITF3,,,,,,,
IT1:22_289_DF_DCIS_POPRES1_1(1.0),A,ITF34,JAN,1,TOTAL,1,2019,92271,,,FILTER__ITF3,,,,,,,
IT1:22_289_DF_DCIS_POPRES1_1(1.0),A,ITF34,JAN,1,TOTAL,1,2020,91112,,,FILTER__ITF3,,,,,,,
IT1:22_289_DF_DCIS_POPRES1_1(1.0),A,ITF34,JAN,1,TOTAL,1,2021,89396,,,FILTER__ITF3,,,,,,,
IT1:22_289_DF_DCIS_POPRES1_1(1.0),A,ITF34,JAN,1,TOTAL,1,2022,89731,,,FILTER__ITF3,,,,,,,
IT1:22_289_DF_DCIS_POPRES1_1(1.0),A,ITF34,JAN,1,TOTAL,1,2023,89630,,,FILTER__ITF3,,,,,,,
IT1:22_289_DF_DCIS_POPRES1_1(1.0),A,ITF34,JAN,1,TOTAL,1,2024,89898,,,FILTER__ITF3,,,,,,,
IT1:22_289_DF_DCIS_POPRES1_1(1.0),A,ITF34,JAN,1,TOTAL,1,2025,90190,,,FILTER__ITF3,,,,,,,
IT1:22_289_DF_DCIS_POPRES1_1(1.0),A,ITF35,JAN,1,TOTAL,1,2019,247301,,,FILTER__ITF3,,,,,,,
IT1:22_289_DF_DCIS_POPRES1_1(1.0),A,ITF35,JAN,1,TOTAL,1,2020,246573,,,FILTER__ITF3,,,,,,,
IT1:22_289_DF_DCIS_POPRES1_1(1.0),A,ITF35,JAN,1,TOTAL,1,2021,243047,,,FILTER__ITF3,,,,,,,
IT1:22_289_DF_DCIS_POPRES1_1(1.0),A,ITF35,JAN,1,TOTAL,1,2022,244186,,,FILTER__ITF3,,,,,,,
IT1:22_289_DF_DCIS_POPRES1_1(1.0),A,ITF35,JAN,1,TOTAL,1,2023,244822,,,FILTER__ITF3,,,,,,,
IT1:22_289_DF_DCIS_POPRES1_1(1.0),A,ITF35,JAN,1,TOTAL,1,2024,245441,,,FILTER__ITF3,,,,,,,
IT1:22_289_DF_DCIS_POPRES1_1(1.0),A,ITF35,JAN,1,TOTAL,1,2025,246490,,,FILTER__ITF3,,,,,,,
IT1:22_289_DF_DCIS_POPRES1_1(1.0),A,ITF4,JAN,1,TOTAL,1,2019,866228,,,FILTER__ITF4,,,,,,,
IT1:22_289_DF_DCIS_POPRES1_1(1.0),A,ITF4,JAN,1,TOTAL,1,2020,862472,,,FILTER__ITF4,,,,,,,
IT1:22_289_DF_DCIS_POPRES1_1(1.0),A,ITF4,JAN,1,TOTAL,1,2021,861051,,,FILTER__ITF4,,,,,,,
IT1:22_289_DF_DCIS_POPRES1_1(1.0),A,ITF4,JAN,1,TOTAL,1,2022,863534,,,FILTER__ITF4,,,,,,,
IT1:22_289_DF_DCIS_POPRES1_1(1.0),A,ITF4,JAN,1,TOTAL,1,2023,864309,,,FILTER__ITF4,,,,,,,
IT1:22_289_DF_DCIS_POPRES1_1(1.0),A,ITF4,JAN,1,TOTAL,1,2024,864399,,,FILTER__ITF4,,,,,,,
IT1:22_289_DF_DCIS_POPRES1_1(1.0),A,ITF4,JAN,1,TOTAL,1,2025,867001,,,FILTER__ITF4,,,,,,,
IT1:22_289_DF_DCIS_POPRES1_1(1.0),A,ITF41,JAN,1,TOTAL,1,2019,138673,,,FILTER__ITF4,,,,,,,
IT1:22_289_DF_DCIS_POPRES1_1(1.0),A,ITF41,JAN,1,TOTAL,1,2020,137851,,,FILTER__ITF4,,,,,,,
IT1:22_289_DF_DCIS_POPRES1_1(1.0),A,ITF41,JAN,1,TOTAL,1,2021,137765,,,FILTER__ITF4,,,,,,,
IT1:22_289_DF_DCIS_POPRES1_1(1.0),A,ITF41,JAN,1,TOTAL,1,2022,138107,,,FILTER__ITF4,,,,,,,
IT1:22_289_DF_DCIS_POPRES1_1(1.0),A,ITF41,JAN,1,TOTAL,1,2023,138198,,,FILTER__ITF4,,,,,,,
IT1:22_289_DF_DCIS_POPRES1_1(1.0),A,ITF41,JAN,1,TOTAL,1,2024,138468,,,FILTER__ITF4,,,,,,,
IT1:22_289_DF_DCIS_POPRES1_1(1.0),A,ITF41,JAN,1,TOTAL,1,2025,138776,,,FILTER__ITF4,,,,,,,
IT1:22_289_DF_DCIS_POPRES1_1(1.0),A,ITF42,JAN,1,TOTAL,1,2019,265686,,,FILTER__ITF4,,,,,,,
IT1:22_289_DF_DCIS_POPRES1_1(1.0),A,ITF42,JAN,1,TOTAL,1,2020,264548,,,FILTER__ITF4,,,,,,,
IT1:22_289_DF_DCIS_POPRES1_1(1.0),A,ITF42,JAN,1,TOTAL,1,2021,265662,,,FILTER__ITF4,,,,,,,
IT1:22_289_DF_DCIS_POPRES1_1(1.0),A,ITF42,JAN,1,TOTAL,1,2022,265905,,,FILTER__ITF4,,,,,,,
IT1:22_289_DF_DCIS_POPRES1_1(1.0),A,ITF42,JAN,1,TOTAL,1,2023,266273,,,FILTER__ITF4,,,,,,,
IT1:22_289_DF_DCIS_POPRES1_1(1.0),A,ITF42,JAN,1,TOTAL,1,2024,266460,,,FILTER__ITF4,,,,,,,
IT1:22_289_DF_DCIS_POPRES1_1(1.0),A,ITF42,JAN,1,TOTAL,1,2025,267432,,,FILTER__ITF4,,,,,,,
IT1:22_289_DF_DCIS_POPRES1_1(1.0),A,ITF43,JAN,1,TOTAL,1,2019,123401,,,FILTER__ITF4,,,,,,,
IT1:22_289_DF_DCIS_POPRES1_1(1.0),A,ITF43,JAN,1,TOTAL,1,2020,122760,,,FILTER__ITF4,,,,,,,
IT1:22_289_DF_DCIS_POPRES1_1(1.0),A,ITF43,JAN,1,TOTAL,1,2021,122784,,,FILTER__ITF4,,,,,,,
IT1:22_289_DF_DCIS_POPRES1_1(1.0),A,ITF43,JAN,1,TOTAL,1,2022,123384,,,FILTER__ITF4,,,,,,,
IT1:22_289_DF_DCIS_POPRES1_1(1.0),A,ITF43,JAN,1,TOTAL,1,2023,123351,,,FILTER__ITF4,,,,,,,
IT1:22_289_DF_DCIS_POPRES1_1(1.0),A,ITF43,JAN,1,TOTAL,1,2024,123415,,,FILTER__ITF4,,,,,,,
IT1:22_289_DF_DCIS_POPRES1_1(1.0),A,ITF43,JAN,1,TOTAL,1,2025,123627,,,FILTER__ITF4,,,,,,,
IT1:22_289_DF_DCIS_POPRES1_1(1.0),A,ITF44,JAN,1,TOTAL,1,2019,84215,,,FILTER__ITF4,,,,,,,
IT1:22_289_DF_DCIS_POPRES1_1(1.0),A,ITF44,JAN,1,TOTAL,1,2020,83988,,,FILTER__ITF4,,,,,,,
IT1:22_289_DF_DCIS_POPRES1_1(1.0),A,ITF44,JAN,1,TOTAL,1,2021,83325,,,FILTER__ITF4,,,,,,,
IT1:22_289_DF_DCIS_POPRES1_1(1.0),A,ITF44,JAN,1,TOTAL,1,2022,83621,,,FILTER__ITF4,,,,,,,
IT1:22_289_DF_DCIS_POPRES1_1(1.0),A,ITF44,JAN,1,TOTAL,1,2023,83872,,,FILTER__ITF4,,,,,,,
IT1:22_289_DF_DCIS_POPRES1_1(1.0),A,ITF44,JAN,1,TOTAL,1,2024,83809,,,FILTER__ITF4,,,,,,,
IT1:22_289_DF_DCIS_POPRES1_1(1.0),A,ITF44,JAN,1,TOTAL,1,2025,84091,,,FILTER__ITF4,,,,,,,
IT1:22_289_DF_DCIS_POPRES1_1(1.0),A,ITF45,JAN,1,TOTAL,1,2019,168801,,,FILTER__ITF4,,,,,,,
IT1:22_289_DF_DCIS_POPRES1_1(1.0),A,ITF45,JAN,1,TOTAL,1,2020,168469,,,FILTER__ITF4,,,,,,,
IT1:22_289_DF_DCIS_POPRES1_1(1.0),A,ITF45,JAN,1,TOTAL,1,2021,167540,,,FILTER__ITF4,,,,,,,
IT1:22_289_DF_DCIS_POPRES1_1(1.0),A,ITF45,JAN,1,TOTAL,1,2022,168484,,,FILTER__ITF4,,,,,,,
IT1:22_289_DF_DCIS_POPRES1_1(1.0),A,ITF45,JAN,1,TOTAL,1,2023,168794,,,FILTER__ITF4,,,,,,,
IT1:22_289_DF_DCIS_POPRES1_1(1.0),A,ITF45,JAN,1,TOTAL,1,2024,168786,,,FILTER__ITF4,,,,,,,
IT1:22_289_DF_DCIS_POPRES1_1(1.0),A,ITF45,JAN,1,TOTAL,1,2025,169562,,,FILTER__ITF4,,,,,,,
IT1:22_289_DF_DCIS_POPRES1_1(1.0),A,ITF5,JAN,1,TOTAL,1,2019,124792,,,FILTER__ITF5,,,,,,,
IT1:22_289_DF_DCIS_POPRES1_1(1.0),A,ITF5,JAN,1,TOTAL,1,2020,123757,,,FILTER__ITF5,,,,,,,
IT1:22_289_DF_DCIS_POPRES1_1(1.0),A,ITF5,JAN,1,TOTAL,1,2021,122441,,,FILTER__ITF5,,,,,,,
IT1:22_289_DF_DCIS_POPRES1_1(1.0),A,ITF5,JAN,1,TOTAL,1,2022,122306,,,FILTER__ITF5,,,,,,,
IT1:22_289_DF_DCIS_POPRES1_1(1.0),A,ITF5,JAN,1,TOTAL,1,2023,122385,,,FILTER__ITF5,,,,,,,
IT1:22_289_DF_DCIS_POPRES1_1(1.0),A,ITF5,JAN,1,TOTAL,1,2024,121951,,,FILTER__ITF5,,,,,,,
IT1:22_289_DF_DCIS_POPRES1_1(1.0),A,ITF5,JAN,1,TOTAL,1,2025,122226,,,FILTER__ITF5,,,,,,,
IT1:22_289_DF_DCIS_POPRES1_1(1.0),A,ITF51,JAN,1,TOTAL,1,2019,80542,,,FILTER__ITF5,,,,,,,
IT1:22_289_DF_DCIS_POPRES1_1(1.0),A,ITF51,JAN,1,TOTAL,1,2020,79623,,,FILTER__ITF5,,,,,,,
IT1:22_289_DF_DCIS_POPRES1_1(1.0),A,ITF51,JAN,1,TOTAL,1,2021,78427,,,FILTER__ITF5,,,,,,,
IT1:22_289_DF_DCIS_POPRES1_1(1.0),A,ITF51,JAN,1,TOTAL,1,2022,78196,,,FILTER__ITF5,,,,,,,
IT1:22_289_DF_DCIS_POPRES1_1(1.0),A,ITF51,JAN,1,TOTAL,1,2023,78005,,,FILTER__ITF5,,,,,,,
IT1:22_289_DF_DCIS_POPRES1_1(1.0),A,ITF51,JAN,1,TOTAL,1,2024,77498,,,FILTER__ITF5,,,,,,,
IT1:22_289_DF_DCIS_POPRES1_1(1.0),A,ITF51,JAN,1,TOTAL,1,2025,77599,,,FILTER__ITF5,,,,,,,
IT1:22_289_DF_DCIS_POPRES1_1(1.0),A,ITF52,JAN,1,TOTAL,1,2019,44250,,,FILTER__ITF5,,,,,,,
IT1:22_289_DF_DCIS_POPRES1_1(1.0),A,ITF52,JAN,1,TOTAL,1,2020,44134,,,FILTER__ITF5,,,,,,,
IT1:22_289_DF_DCIS_POPRES1_1(1.0),A,ITF52,JAN,1,TOTAL,1,2021,44014,,,FILTER__ITF5,,,,,,,
IT1:22_289_DF_DCIS_POPRES1_1(1.0),A,ITF52,JAN,1,TOTAL,1,2022,44110,,,FILTER__ITF5,,,,,,,
IT1:22_289_DF_DCIS_POPRES1_1(1.0),A,ITF52,JAN,1,TOTAL,1,2023,44380,,,FILTER__ITF5,,,,,,,
IT1:22_289_DF_DCIS_POPRES1_1(1.0),A,ITF52,JAN,1,TOTAL,1,2024,44453,,,FILTER__ITF5,,,,,,,
IT1:22_289_DF_DCIS_POPRES1_1(1.0),A,ITF52,JAN,1,TOTAL,1,2025,44627,,,FILTER__ITF5,,,,,,,
IT1:22_289_DF_DCIS_POPRES1_1(1.0),A,ITF6,JAN,1,TOTAL,1,2019,436875,,,FILTER__ITF6,,,,,,,
IT1:22_289_DF_DCIS_POPRES1_1(1.0),A,ITF6,JAN,1,TOTAL,1,2020,431239,,,FILTER__ITF6,,,,,,,
IT1:22_289_DF_DCIS_POPRES1_1(1.0),A,ITF6,JAN,1,TOTAL,1,2021,419940,,,FILTER__ITF6,,,,,,,
IT1:22_289_DF_DCIS_POPRES1_1(1.0),A,ITF6,JAN,1,TOTAL,1,2022,421259,,,FILTER__ITF6,,,,,,,
IT1:22_289_DF_DCIS_POPRES1_1(1.0),A,ITF6,JAN,1,TOTAL,1,2023,421162,,,FILTER__ITF6,,,,,,,
IT1:22_289_DF_DCIS_POPRES1_1(1.0),A,ITF6,JAN,1,TOTAL,1,2024,421629,,,FILTER__ITF6,,,,,,,
IT1:22_289_DF_DCIS_POPRES1_1(1.0),A,ITF6,JAN,1,TOTAL,1,2025,424266,,,FILTER__ITF6,,,,,,,
IT1:22_289_DF_DCIS_POPRES1_1(1.0),A,ITF61,JAN,1,TOTAL,1,2019,155993,,,FILTER__ITF6,,,,,,,
IT1:22_289_DF_DCIS_POPRES1_1(1.0),A,ITF61,JAN,1,TOTAL,1,2020,155163,,,FILTER__ITF6,,,,,,,
IT1:22_289_DF_DCIS_POPRES1_1(1.0),A,ITF61,JAN,1,TOTAL,1,2021,150646,,,FILTER__ITF6,,,,,,,
IT1:22_289_DF_DCIS_POPRES1_1(1.0),A,ITF61,JAN,1,TOTAL,1,2022,151826,,,FILTER__ITF6,,,,,,,
IT1:22_289_DF_DCIS_POPRES1_1(1.0),A,ITF61,JAN,1,TOTAL,1,2023,152438,,,FILTER__ITF6,,,,,,,
IT1:22_289_DF_DCIS_POPRES1_1(1.0),A,ITF61,JAN,1,TOTAL,1,2024,153338,,,FILTER__ITF6,,,,,,,
IT1:22_289_DF_DCIS_POPRES1_1(1.0),A,ITF61,JAN,1,TOTAL,1,2025,154622,,,FILTER__ITF6,,,,,,,
IT1:22_289_DF_DCIS_POPRES1_1(1.0),A,ITF62,JAN,1,TOTAL,1,2019,42506,,,FILTER__ITF6,,,,,,,
IT1:22_289_DF_DCIS_POPRES1_1(1.0),A,ITF62,JAN,1,TOTAL,1,2020,40657,,,FILTER__ITF6,,,,,,,
IT1:22_289_DF_DCIS_POPRES1_1(1.0),A,ITF62,JAN,1,TOTAL,1,2021,38777,,,FILTER__ITF6,,,,,,,
IT1:22_289_DF_DCIS_POPRES1_1(1.0),A,ITF62,JAN,1,TOTAL,1,2022,38472,,,FILTER__ITF6,,,,,,,
IT1:22_289_DF_DCIS_POPRES1_1(1.0),A,ITF62,JAN,1,TOTAL,1,2023,38259,,,FILTER__ITF6,,,,,,,
IT1:22_289_DF_DCIS_POPRES1_1(1.0),A,ITF62,JAN,1,TOTAL,1,2024,38012,,,FILTER__ITF6,,,,,,,
IT1:22_289_DF_DCIS_POPRES1_1(1.0),A,ITF62,JAN,1,TOTAL,1,2025,38567,,,FILTER__ITF6,,,,,,,
IT1:22_289_DF_DCIS_POPRES1_1(1.0),A,ITF63,JAN,1,TOTAL,1,2019,78864,,,FILTER__ITF6,,,,,,,
IT1:22_289_DF_DCIS_POPRES1_1(1.0),A,ITF63,JAN,1,TOTAL,1,2020,78254,,,FILTER__ITF6,,,,,,,
IT1:22_289_DF_DCIS_POPRES1_1(1.0),A,ITF63,JAN,1,TOTAL,1,2021,76788,,,FILTER__ITF6,,,,,,,
IT1:22_289_DF_DCIS_POPRES1_1(1.0),A,ITF63,JAN,1,TOTAL,1,2022,77151,,,FILTER__ITF6,,,,,,,
IT1:22_289_DF_DCIS_POPRES1_1(1.0),A,ITF63,JAN,1,TOTAL,1,2023,77169,,,FILTER__ITF6,,,,,,,
IT1:22_289_DF_DCIS_POPRES1_1(1.0),A,ITF63,JAN,1,TOTAL,1,2024,77584,,,FILTER__ITF6,,,,,,,
IT1:22_289_DF_DCIS_POPRES1_1(1.0),A,ITF63,JAN,1,TOTAL,1,2025,78060,,,FILTER__ITF6,,,,,,,
IT1:22_289_DF_DCIS_POPRES1_1(1.0),A,ITF64,JAN,1,TOTAL,1,2019,36623,,,FILTER__ITF6,,,,,,,
IT1:22_289_DF_DCIS_POPRES1_1(1.0),A,ITF64,JAN,1,TOTAL,1,2020,36048,,,FILTER__ITF6,,,,,,,
IT1:22_289_DF_DCIS_POPRES1_1(1.0),A,ITF64,JAN,1,TOTAL,1,2021,35226,,,FILTER__ITF6,,,,,,,
IT1:22_289_DF_DCIS_POPRES1_1(1.0),A,ITF64,JAN,1,TOTAL,1,2022,35246,,,FILTER__ITF6,,,,,,,
IT1:22_289_DF_DCIS_POPRES1_1(1.0),A,ITF64,JAN,1,TOTAL,1,2023,35190,,,FILTER__ITF6,,,,,,,
IT1:22_289_DF_DCIS_POPRES1_1(1.0),A,ITF64,JAN,1,TOTAL,1,2024,35324,,,FILTER__ITF6,,,,,,,
IT1:22_289_DF_DCIS_POPRES1_1(1.0),A,ITF64,JAN,1,TOTAL,1,2025,35598,,,FILTER__ITF6,,,,,,,
IT1:22_289_DF_DCIS_POPRES1_1(1.0),A,ITF65,JAN,1,TOTAL,1,2019,122889,,,FILTER__ITF6,,,,,,,
IT1:22_289_DF_DCIS_POPRES1_1(1.0),A,ITF65,JAN,1,TOTAL,1,2020,121117,,,FILTER__ITF6,,,,,,,
IT1:22_289_DF_DCIS_POPRES1_1(1.0),A,ITF65,JAN,1,TOTAL,1,2021,118503,,,FILTER__ITF6,,,,,,,
IT1:22_289_DF_DCIS_POPRES1_1(1.0),A,ITF65,JAN,1,TOTAL,1,2022,118564,,,FILTER__ITF6,,,,,,,
IT1:22_289_DF_DCIS_POPRES1_1(1.0),A,ITF65,JAN,1,TOTAL,1,2023,118106,,,FILTER__ITF6,,,,,,,
IT1:22_289_DF_DCIS_POPRES1_1(1.0),A,ITF65,JAN,1,TOTAL,1,2024,117371,,,FILTER__ITF6,,,,,,,
IT1:22_289_DF_DCIS_POPRES1_1(1.0),A,ITF65,JAN,1,TOTAL,1,2025,117419,,,FILTER__ITF6,,,,,,,
IT1:22_289_DF_DCIS_POPRES1_1(1.0),A,ITFG,JAN,1,TOTAL,1,2019,4586437,,,,,,,,,,
IT1:22_289_DF_DCIS_POPRES1_1(1.0),A,ITFG,JAN,1,TOTAL,1,2020,4558587,,,,,,,,,,
IT1:22_289_DF_DCIS_POPRES1_1(1.0),A,ITFG,JAN,1,TOTAL,1,2021,4500143,,,,,,,,,,
IT1:22_289_DF_DCIS_POPRES1_1(1.0),A,ITFG,JAN,1,TOTAL,1,2022,4521931,,,,,,,,,,
IT1:22_289_DF_DCIS_POPRES1_1(1.0),A,ITFG,JAN,1,TOTAL,1,2023,4530694,,,,,,,,,,
IT1:22_289_DF_DCIS_POPRES1_1(1.0),A,ITFG,JAN,1,TOTAL,1,2024,4537703,,,,,,,,,,
IT1:22_289_DF_DCIS_POPRES1_1(1.0),A,ITFG,JAN,1,TOTAL,1,2025,4556149,,,,,,,,,,
IT1:22_289_DF_DCIS_POPRES1_1(1.0),A,ITG,JAN,1,TOTAL,1,2019,1486960,,,,,,,,,,
IT1:22_289_DF_DCIS_POPRES1_1(1.0),A,ITG,JAN,1,TOTAL,1,2020,1477005,,,,,,,,,,
IT1:22_289_DF_DCIS_POPRES1_1(1.0),A,ITG,JAN,1,TOTAL,1,2021,1453524,,,,,,,,,,
IT1:22_289_DF_DCIS_POPRES1_1(1.0),A,ITG,JAN,1,TOTAL,1,2022,1464986,,,,,,,,,,
IT1:22_289_DF_DCIS_POPRES1_1(1.0),A,ITG,JAN,1,TOTAL,1,2023,1467439,,,,,,,,,,
IT1:22_289_DF_DCIS_POPRES1_1(1.0),A,ITG,JAN,1,TOTAL,1,2024,1469567,,,,,,,,,,
IT1:22_289_DF_DCIS_POPRES1_1(1.0),A,ITG,JAN,1,TOTAL,1,2025,1474698,,,,,,,,,,
IT1:22_289_DF_DCIS_POPRES1_1(1.0),A,ITG1,JAN,1,TOTAL,1,2019,1094332,,,FILTER__ITG1,,,,,,,
IT1:22_289_DF_DCIS_POPRES1_1(1.0),A,ITG1,JAN,1,TOTAL,1,2020,1086849,,,FILTER__ITG1,,,,,,,
IT1:22_289_DF_DCIS_POPRES1_1(1.0),A,ITG1,JAN,1,TOTAL,1,2021,1072142,,,FILTER__ITG1,,,,,,,
IT1:22_289_DF_DCIS_POPRES1_1(1.0),A,ITG1,JAN,1,TOTAL,1,2022,1080228,,,FILTER__ITG1,,,,,,,
IT1:22_289_DF_DCIS_POPRES1_1(1.0),A,ITG1,JAN,1,TOTAL,1,2023,1082503,,,FILTER__ITG1,,,,,,,
IT1:22_289_DF_DCIS_POPRES1_1(1.0),A,ITG1,JAN,1,TOTAL,1,2024,1084110,,,FILTER__ITG1,,,,,,,
IT1:22_289_DF_DCIS_POPRES1_1(1.0),A,ITG1,JAN,1,TOTAL,1,2025,1088940,,,FILTER__ITG1,,,,,,,
IT1:22_289_DF_DCIS_POPRES1_1(1.0),A,ITG11,JAN,1,TOTAL,1,2019,93579,,,FILTER__ITG1,,,,,,,
IT1:22_289_DF_DCIS_POPRES1_1(1.0),A,ITG11,JAN,1,TOTAL,1,2020,93112,,,FILTER__ITG1,,,,,,,
IT1:22_289_DF_DCIS_POPRES1_1(1.0),A,ITG11,JAN,1,TOTAL,1,2021,92297,,,FILTER__ITG1,,,,,,,
IT1:22_289_DF_DCIS_POPRES1_1(1.0),A,ITG11,JAN,1,TOTAL,1,2022,92601,,,FILTER__ITG1,,,,,,,
IT1:22_289_DF_DCIS_POPRES1_1(1.0),A,ITG11,JAN,1,TOTAL,1,2023,92743,,,FILTER__ITG1,,,,,,,
IT1:22_289_DF_DCIS_POPRES1_1(1.0),A,ITG11,JAN,1,TOTAL,1,2024,92668,,,FILTER__ITG1,,,,,,,
IT1:22_289_DF_DCIS_POPRES1_1(1.0),A,ITG11,JAN,1,TOTAL,1,2025,93040,,,FILTER__ITG1,,,,,,,
IT1:22_289_DF_DCIS_POPRES1_1(1.0),A,ITG12,JAN,1,TOTAL,1,2019,272000,,,FILTER__ITG1,,,,,,,
IT1:22_289_DF_DCIS_POPRES1_1(1.0),A,ITG12,JAN,1,TOTAL,1,2020,269312,,,FILTER__ITG1,,,,,,,
IT1:22_289_DF_DCIS_POPRES1_1(1.0),A,ITG12,JAN,1,TOTAL,1,2021,264826,,,FILTER__ITG1,,,,,,,
IT1:22_289_DF_DCIS_POPRES1_1(1.0),A,ITG12,JAN,1,TOTAL,1,2022,266459,,,FILTER__ITG1,,,,,,,
IT1:22_289_DF_DCIS_POPRES1_1(1.0),A,ITG12,JAN,1,TOTAL,1,2023,266324,,,FILTER__ITG1,,,,,,,
IT1:22_289_DF_DCIS_POPRES1_1(1.0),A,ITG12,JAN,1,TOTAL,1,2024,266110,,,FILTER__ITG1,,,,,,,
IT1:22_289_DF_DCIS_POPRES1_1(1.0),A,ITG12,JAN,1,TOTAL,1,2025,266623,,,FILTER__ITG1,,,,,,,
IT1:22_289_DF_DCIS_POPRES1_1(1.0),A,ITG13,JAN,1,TOTAL,1,2019,136532,,,FILTER__ITG1,,,,,,,
IT1:22_289_DF_DCIS_POPRES1_1(1.0),A,ITG13,JAN,1,TOTAL,1,2020,135860,,,FILTER__ITG1,,,,,,,
IT1:22_289_DF_DCIS_POPRES1_1(1.0),A,ITG13,JAN,1,TOTAL,1,2021,132914,,,FILTER__ITG1,,,,,,,
IT1:22_289_DF_DCIS_POPRES1_1(1.0),A,ITG13,JAN,1,TOTAL,1,2022,134162,,,FILTER__ITG1,,,,,,,
IT1:22_289_DF_DCIS_POPRES1_1(1.0),A,ITG13,JAN,1,TOTAL,1,2023,134599,,,FILTER__ITG1,,,,,,,
IT1:22_289_DF_DCIS_POPRES1_1(1.0),A,ITG13,JAN,1,TOTAL,1,2024,135111,,,FILTER__ITG1,,,,,,,
IT1:22_289_DF_DCIS_POPRES1_1(1.0),A,ITG13,JAN,1,TOTAL,1,2025,135662,,,FILTER__ITG1,,,,,,,
IT1:22_289_DF_DCIS_POPRES1_1(1.0),A,ITG14,JAN,1,TOTAL,1,2019,94037,,,FILTER__ITG1,,,,,,,
IT1:22_289_DF_DCIS_POPRES1_1(1.0),A,ITG14,JAN,1,TOTAL,1,2020,92761,,,FILTER__ITG1,,,,,,,
IT1:22_289_DF_DCIS_POPRES1_1(1.0),A,ITG14,JAN,1,TOTAL,1,2021,90208,,,FILTER__ITG1,,,,,,,
IT1:22_289_DF_DCIS_POPRES1_1(1.0),A,ITG14,JAN,1,TOTAL,1,2022,90528,,,FILTER__ITG1,,,,,,,
IT1:22_289_DF_DCIS_POPRES1_1(1.0),A,ITG14,JAN,1,TOTAL,1,2023,90336,,,FILTER__ITG1,,,,,,,
IT1:22_289_DF_DCIS_POPRES1_1(1.0),A,ITG14,JAN,1,TOTAL,1,2024,89978,,,FILTER__ITG1,,,,,,,
IT1:22_289_DF_DCIS_POPRES1_1(1.0),A,ITG14,JAN,1,TOTAL,1,2025,89948,,,FILTER__ITG1,,,,,,,
IT1:22_289_DF_DCIS_POPRES1_1(1.0),A,ITG15,JAN,1,TOTAL,1,2019,56747,,,FILTER__ITG1,,,,,,,
IT1:22_289_DF_DCIS_POPRES1_1(1.0),A,ITG15,JAN,1,TOTAL,1,2020,55597,,,FILTER__ITG1,,,,,,,
IT1:22_289_DF_DCIS_POPRES1_1(1.0),A,ITG15,JAN,1,TOTAL,1,2021,54833,,,FILTER__ITG1,,,,,,,
IT1:22_289_DF_DCIS_POPRES1_1(1.0),A,ITG15,JAN,1,TOTAL,1,2022,54533,,,FILTER__ITG1,,,,,,,
IT1:22_289_DF_DCIS_POPRES1_1(1.0),A,ITG15,JAN,1,TOTAL,1,2023,54164,,,FILTER__ITG1,,,,,,,
IT1:22_289_DF_DCIS_POPRES1_1(1.0),A,ITG15,JAN,1,TOTAL,1,2024,53727,,,FILTER__ITG1,,,,,,,
IT1:22_289_DF_DCIS_POPRES1_1(1.0),A,ITG15,JAN,1,TOTAL,1,2025,53469,,,FILTER__ITG1,,,,,,,
IT1:22_289_DF_DCIS_POPRES1_1(1.0),A,ITG16,JAN,1,TOTAL,1,2019,35609,,,FILTER__ITG1,,,,,,,
IT1:22_289_DF_DCIS_POPRES1_1(1.0),A,ITG16,JAN,1,TOTAL,1,2020,35027,,,FILTER__ITG1,,,,,,,
IT1:22_289_DF_DCIS_POPRES1_1(1.0),A,ITG16,JAN,1,TOTAL,1,2021,34225,,,FILTER__ITG1,,,,,,,
IT1:22_289_DF_DCIS_POPRES1_1(1.0),A,ITG16,JAN,1,TOTAL,1,2022,34234,,,FILTER__ITG1,,,,,,,
IT1:22_289_DF_DCIS_POPRES1_1(1.0),A,ITG16,JAN,1,TOTAL,1,2023,34029,,,FILTER__ITG1,,,,,,,
IT1:22_289_DF_DCIS_POPRES1_1(1.0),A,ITG16,JAN,1,TOTAL,1,2024,33830,,,FILTER__ITG1,,,,,,,
IT1:22_289_DF_DCIS_POPRES1_1(1.0),A,ITG16,JAN,1,TOTAL,1,2025,33829,,,FILTER__ITG1,,,,,,,
IT1:22_289_DF_DCIS_POPRES1_1(1.0),A,ITG17,JAN,1,TOTAL,1,2019,245351,,,FILTER__ITG1,,,,,,,
IT1:22_289_DF_DCIS_POPRES1_1(1.0),A,ITG17,JAN,1,TOTAL,1,2020,244469,,,FILTER__ITG1,,,,,,,
IT1:22_289_DF_DCIS_POPRES1_1(1.0),A,ITG17,JAN,1,TOTAL,1,2021,243608,,,FILTER__ITG1,,,,,,,
IT1:22_289_DF_DCIS_POPRES1_1(1.0),A,ITG17,JAN,1,TOTAL,1,2022,246607,,,FILTER__ITG1,,,,,,,
IT1:22_289_DF_DCIS_POPRES1_1(1.0),A,ITG17,JAN,1,TOTAL,1,2023,247376,,,FILTER__ITG1,,,,,,,
IT1:22_289_DF_DCIS_POPRES1_1(1.0),A,ITG17,JAN,1,TOTAL,1,2024,248335,,,FILTER__ITG1,,,,,,,
IT1:22_289_DF_DCIS_POPRES1_1(1.0),A,ITG17,JAN,1,TOTAL,1,2025,249692,,,FILTER__ITG1,,,,,,,
IT1:22_289_DF_DCIS_POPRES1_1(1.0),A,ITG18,JAN,1,TOTAL,1,2019,72133,,,FILTER__ITG1,,,,,,,
IT1:22_289_DF_DCIS_POPRES1_1(1.0),A,ITG18,JAN,1,TOTAL,1,2020,72688,,,FILTER__ITG1,,,,,,,
IT1:22_289_DF_DCIS_POPRES1_1(1.0),A,ITG18,JAN,1,TOTAL,1,2021,72485,,,FILTER__ITG1,,,,,,,
IT1:22_289_DF_DCIS_POPRES1_1(1.0),A,ITG18,JAN,1,TOTAL,1,2022,73546,,,FILTER__ITG1,,,,,,,
IT1:22_289_DF_DCIS_POPRES1_1(1.0),A,ITG18,JAN,1,TOTAL,1,2023,74738,,,FILTER__ITG1,,,,,,,
IT1:22_289_DF_DCIS_POPRES1_1(1.0),A,ITG18,JAN,1,TOTAL,1,2024,75734,,,FILTER__ITG1,,,,,,,
IT1:22_289_DF_DCIS_POPRES1_1(1.0),A,ITG18,JAN,1,TOTAL,1,2025,77458,,,FILTER__ITG1,,,,,,,
IT1:22_289_DF_DCIS_POPRES1_1(1.0),A,ITG19,JAN,1,TOTAL,1,2019,88344,,,FILTER__ITG1,,,,,,,
IT1:22_289_DF_DCIS_POPRES1_1(1.0),A,ITG19,JAN,1,TOTAL,1,2020,88023,,,FILTER__ITG1,,,,,,,
IT1:22_289_DF_DCIS_POPRES1_1(1.0),A,ITG19,JAN,1,TOTAL,1,2021,86746,,,FILTER__ITG1,,,,,,,
IT1:22_289_DF_DCIS_POPRES1_1(1.0),A,ITG19,JAN,1,TOTAL,1,2022,87558,,,FILTER__ITG1,,,,,,,
IT1:22_289_DF_DCIS_POPRES1_1(1.0),A,ITG19,JAN,1,TOTAL,1,2023,88194,,,FILTER__ITG1,,,,,,,
IT1:22_289_DF_DCIS_POPRES1_1(1.0),A,ITG19,JAN,1,TOTAL,1,2024,88617,,,FILTER__ITG1,,,,,,,
IT1:22_289_DF_DCIS_POPRES1_1(1.0),A,ITG19,JAN,1,TOTAL,1,2025,89219,,,FILTER__ITG1,,,,,,,
IT1:22_289_DF_DCIS_POPRES1_1(1.0),A,ITG2,JAN,1,TOTAL,1,2019,392628,,,FILTER__ITG2,,,,,,,
IT1:22_289_DF_DCIS_POPRES1_1(1.0),A,ITG2,JAN,1,TOTAL,1,2020,390156,,,FILTER__ITG2,,,,,,,
IT1:22_289_DF_DCIS_POPRES1_1(1.0),A,ITG2,JAN,1,TOTAL,1,2021,381382,,,FILTER__ITG2,,,,,,,
IT1:22_289_DF_DCIS_POPRES1_1(1.0),A,ITG2,JAN,1,TOTAL,1,2022,384758,,,FILTER__ITG2,,,,,,,
IT1:22_289_DF_DCIS_POPRES1_1(1.0),A,ITG2,JAN,1,TOTAL,1,2023,384936,,,FILTER__ITG2,,,,,,,
IT1:22_289_DF_DCIS_POPRES1_1(1.0),A,ITG2,JAN,1,TOTAL,1,2024,385457,,,FILTER__ITG2,,,,,,,
IT1:22_289_DF_DCIS_POPRES1_1(1.0),A,ITG2,JAN,1,TOTAL,1,2025,385758,,,FILTER__ITG2,,,,,,,
IT1:22_289_DF_DCIS_POPRES1_1(1.0),A,ITG25,JAN,1,TOTAL,1,2019,117758,,,FILTER__ITG2,,,,,,,
IT1:22_289_DF_DCIS_POPRES1_1(1.0),A,ITG25,JAN,1,TOTAL,1,2020,117281,,,FILTER__ITG2,,,,,,,
IT1:22_289_DF_DCIS_POPRES1_1(1.0),A,ITG25,JAN,1,TOTAL,1,2021,114203,,,FILTER__ITG2,,,,,,,
IT1:22_289_DF_DCIS_POPRES1_1(1.0),A,ITG25,JAN,1,TOTAL,1,2022,115349,,,FILTER__ITG2,,,,,,,
IT1:22_289_DF_DCIS_POPRES1_1(1.0),A,ITG25,JAN,1,TOTAL,1,2023,115574,,,FILTER__ITG2,,,,,,,
IT1:22_289_DF_DCIS_POPRES1_1(1.0),A,ITG25,JAN,1,TOTAL,1,2024,116113,,,FILTER__ITG2,,,,,,,
IT1:22_289_DF_DCIS_POPRES1_1(1.0),A,ITG25,JAN,1,TOTAL,1,2025,116465,,,FILTER__ITG2,,,,,,,
IT1:22_289_DF_DCIS_POPRES1_1(1.0),A,ITG26,JAN,1,TOTAL,1,2019,53312,,,FILTER__ITG2,,,,,,,
IT1:22_289_DF_DCIS_POPRES1_1(1.0),A,ITG26,JAN,1,TOTAL,1,2020,52657,,,FILTER__ITG2,,,,,,,
IT1:22_289_DF_DCIS_POPRES1_1(1.0),A,ITG26,JAN,1,TOTAL,1,2021,51454,,,FILTER__ITG2,,,,,,,
IT1:22_289_DF_DCIS_POPRES1_1(1.0),A,ITG26,JAN,1,TOTAL,1,2022,51690,,,FILTER__ITG2,,,,,,,
IT1:22_289_DF_DCIS_POPRES1_1(1.0),A,ITG26,JAN,1,TOTAL,1,2023,51422,,,FILTER__ITG2,,,,,,,
IT1:22_289_DF_DCIS_POPRES1_1(1.0),A,ITG26,JAN,1,TOTAL,1,2024,51323,,,FILTER__ITG2,,,,,,,
IT1:22_289_DF_DCIS_POPRES1_1(1.0),A,ITG26,JAN,1,TOTAL,1,2025,51150,,,FILTER__ITG2,,,,,,,
IT1:22_289_DF_DCIS_POPRES1_1(1.0),A,ITG27,JAN,1,TOTAL,1,2019,100895,,,FILTER__ITG2,,,,,,,
IT1:22_289_DF_DCIS_POPRES1_1(1.0),A,ITG27,JAN,1,TOTAL,1,2020,100972,,,FILTER__ITG2,,,,,,,
IT1:22_289_DF_DCIS_POPRES1_1(1.0),A,ITG27,JAN,1,TOTAL,1,2021,99497,,,FILTER__ITG2,,,,,,,
IT1:22_289_DF_DCIS_POPRES1_1(1.0),A,ITG27,JAN,1,TOTAL,1,2022,100504,,,FILTER__ITG2,,,,,,,
IT1:22_289_DF_DCIS_POPRES1_1(1.0),A,ITG27,JAN,1,TOTAL,1,2023,101110,,,FILTER__ITG2,,,,,,,
IT1:22_289_DF_DCIS_POPRES1_1(1.0),A,ITG27,JAN,1,TOTAL,1,2024,101231,,,FILTER__ITG2,,,,,,,
IT1:22_289_DF_DCIS_POPRES1_1(1.0),A,ITG27,JAN,1,TOTAL,1,2025,101473,,,FILTER__ITG2,,,,,,,
IT1:22_289_DF_DCIS_POPRES1_1(1.0),A,ITG28,JAN,1,TOTAL,1,2019,37723,,,FILTER__ITG2,,,,,,,
IT1:22_289_DF_DCIS_POPRES1_1(1.0),A,ITG28,JAN,1,TOTAL,1,2020,37273,,,FILTER__ITG2,,,,,,,
IT1:22_289_DF_DCIS_POPRES1_1(1.0),A,ITG28,JAN,1,TOTAL,1,2021,36459,,,FILTER__ITG2,,,,,,,
IT1:22_289_DF_DCIS_POPRES1_1(1.0),A,ITG28,JAN,1,TOTAL,1,2022,36631,,,FILTER__ITG2,,,,,,,
IT1:22_289_DF_DCIS_POPRES1_1(1.0),A,ITG28,JAN,1,TOTAL,1,2023,36540,,,FILTER__ITG2,,,,,,,
IT1:22_289_DF_DCIS_POPRES1_1(1.0),A,ITG28,JAN,1,TOTAL,1,2024,36505,,,FILTER__ITG2,,,,,,,
IT1:22_289_DF_DCIS_POPRES1_1(1.0),A,ITG28,JAN,1,TOTAL,1,2025,36447,,,FILTER__ITG2,,,,,,,
